symbol,name
AAAP,Advanced Accelerator Applications S.A.
AABA,Altaba 
AAL,American Airlines Group 
AAME,Atlantic Americanration
AAOI,Applied Optoelectronics 
AAON,AAON 
AAPC,Atlantic Alliance Partnership
AAPL,Apple 
AAWW,Atlas Air Worldwide Holdings
AAXJ,iShares MSCI All Country Asia ex Japan Index Fund
AAXN,Axon Enterprise 
ABAC,Aoxin Tianli Group 
ABAX,ABAXIS 
ABCB,Ameris Bancorp
ABCD,Cambium Learning Group 
ABCO,The Advisory Board Company
ABDC,Alcentra Capital
ABEO,Abeona Therapeutics 
ABEOW,Abeona Therapeutics 
ABIL,Ability 
ABIO,ARCA biopharma 
ABMD,ABIOMED 
ABTL,Autobytel 
ABTX,Allegiance Bancshares 
ABUS,Arbutus Biopharmaration
ABY,Atlantica Yield plc
ACAD,ACADIA Pharmaceuticals 
ACBI,Atlantic Capital Bancshares 
ACER,Acer Therapeutics 
ACERW,Acer Therapeutics 
ACET,Acetoration
ACFC,Atlantic Coast Financialration
ACGL,Arch Capital Group
ACGLO,Arch Capital Group
ACGLP,Arch Capital Group
ACHC,Acadia Healthcare Company 
ACHN,Achillion Pharmaceuticals 
ACHV,Achieve Life Sciences 
ACIA,Acacia Communications 
ACIU,AC Immune SA
ACIW,ACI Worldwide 
ACLS,Axcelis Technologies 
ACNB,ACNBration
ACOR,Acorda Therapeutics 
ACRS,Aclaris Therapeutics 
ACRX,AcelRx Pharmaceuticals 
ACSF,American Capital Senior Floating
ACST,Acasti Pharma 
ACTA,Actuaration
ACTG,Acacia Researchration
ACTX,Global X Guru Activist ETF
ACWI,iShares MSCI ACWI Index Fund
ACWX,iShares MSCI ACWI ex US Index Fund
ACXM,Acxiomration
ADAP,Adaptimmune Therapeutics plc
ADBE,Adobe Systems rporated
ADES,Advanced Emissions Solutions 
ADHD,Alcobra
ADI,Analog Devices 
ADMA,ADMA Biologics Inc
ADMP,Adamis Pharmaceuticalsration
ADMS,Adamas Pharmaceuticals 
ADOM,ADOMANI 
ADP,Automatic Data Processing 
ADRA,BLDRS Asia 50 ADR Index Fund
ADRD,BLDRS Developed Markets 100 ADR Index Fund
ADRE,BLDRS Emerging Markets 50 ADR Index Fund
ADRO,Aduro Biotech 
ADRU,BLDRS Europe 100 ADR Index Fund
ADSK,Autodesk 
ADTN,ADTRAN 
ADUS,Addus HomeCareration
ADVM,Adverum Biotechnologies 
ADXS,Advaxis 
ADXSW,Advaxis 
AEGN,Aegion Corp
AEHR,Aehr Test Systems
AEIS,Advanced Energy Industries 
AEMD,Aethlon Medical 
AERI,Aerie Pharmaceuticals 
AETI,American Electric Technologies 
AEY,ADDvantage Technologies Group 
AEZS,Aeterna Zentaris 
AFAM,Almost Family Inc
AFH,Atlas Financial Holdings 
AFHBL,Atlas Financial Holdings 
AFMD,Affimed N.V.
AFSI,AmTrust Financial Services 
AGEN,Agenus 
AGFS,AgroFresh Solutions 
AGFSW,AgroFresh Solutions 
AGII,Argo Group International Holdings
AGIIL,Argo Group International Holdings
AGIO,Agios Pharmaceuticals 
AGLE,Aeglea BioTherapeutics 
AGNC,AGNC Investment
AGNCB,AGNC Investment
AGNCN,AGNC Investment
AGND,WisdomTree Barclays Negative Duration U.S. Aggregate Bond Fund
AGRX,Agile Therapeutics 
AGTC,Applied Genetic Technologiesration
AGYS,Agilysys 
AGZD,WisdomTree Barclays Interest Rate Hedged U.S. Aggregate Bond Fund
AHGP,Alliance Holdings GP L.P.
AHPA,Avista Healthcare Public Acquisition
AHPAU,Avista Healthcare Public Acquisition
AHPAW,Avista Healthcare Public Acquisition
AHPI,Allied Healthcare Products 
AIA,iShares Asia 50 ETF
AIMC,Altra Industrial Motion
AIMT,Aimmune Therapeutics 
AINV,Apollo Investmentration
AIRG,Airgain 
AIRR,First Trust RBA American Industrial Renaissance ETF
AIRT,Air T 
AKAM,Akamai Technologies 
AKAO,Achaogen 
AKBA,Akebia Therapeutics 
AKCA,Akcea Therapeutics 
AKER,Akers Biosciences Inc
AKRX,Akorn 
AKTS,Akoustis Technologies 
AKTX,Akari Therapeutics Plc
ALBO,Albireo Pharma 
ALCO,Alico 
ALDR,Alder BioPharmaceuticals 
ALDX,Aldeyra Therapeutics 
ALGN,Align Technology 
ALGT,Allegiant Travel Company
ALIM,Alimera Sciences 
ALJJ,ALJ Regional Holdings 
ALKS,Alkermes plc
ALLT,Allot Communications
ALNY,Alnylam Pharmaceuticals 
ALOG,Analogicration
ALOT,AstroNova 
ALPN,Alpine Immune Sciences 
ALQA,Alliqua BioMedical 
ALRM,Alarm.com Holdings 
ALRN,Aileron Therapeutics 
ALSK,Alaska Communications Systems Group 
ALT,Altimmune 
ALTY,Global X SuperDividend Alternatives ETF
ALXN,Alexion Pharmaceuticals 
AMAG,AMAG Pharmaceuticals 
AMAT,Applied Materials 
AMBA,Ambarella 
AMBC,Ambac Financial Group 
AMBCW,Ambac Financial Group 
AMCA,iShares Russell 1000 Pure U.S. Revenue ETF
AMCN,AirMedia Group Inc
AMCX,AMC Networks 
AMD,Advanced Micro Devices 
AMDA,Amedicaration
AMED,Amedisys Inc
AMGN,Amgen 
AMKR,Amkor Technology 
AMMA,Alliance MMA 
AMNB,American National Bankshares 
AMOT,Allied Motion Technologies 
AMPH,Amphastar Pharmaceuticals 
AMRB,American River Bankshares
AMRK,A-Mark Precious Metals 
AMRN,Amarinration plc
AMRS,Amyris 
AMSC,American Superconductorration
AMSF,AMERISAFE 
AMSWA,American Software 
AMTD,TD Ameritrade Holdingration
AMTX,Aemetis Inc
AMWD,American Woodmarkration
AMZN,Amazon.com 
ANAB,AnaptysBio 
ANAT,American National Insurance Company
ANCB,Anchor Bancorp
ANCX,Access Nationalration
ANDA,Andina Acquisition II
ANDAR,Andina Acquisition II
ANDAU,Andina Acquisition II
ANDAW,Andina Acquisition II
ANDE,The Andersons 
ANGI,Angie's List 
ANGO,AngioDynamics 
ANIK,Anika Therapeutics 
ANIP,ANI Pharmaceuticals 
ANSS,ANSYS 
ANTH,Anthera Pharmaceuticals 
ANY,Sphere 3D
AOBC,American Outdoor Brandsration
AOSL,Alpha and Omega Semiconductor
APDN,Applied DNA Sciences Inc
APDNW,Applied DNA Sciences Inc
APEI,American Public Education 
APEN,Apollo Endosurgery 
APLP,Archrock Partners L.P.
APOG,Apogee Enterprises 
APOP,Cellect Biotechnology
APOPW,Cellect Biotechnology
APPF,AppFolio 
APPN,Appianration
APPS,Digital Turbine 
APRI,Apricus Biosciences 
APTI,Apptio 
APTO,Aptose Biosciences 
APVO,Aptevo Therapeutics 
APWC,Asia Pacific Wire & Cableration
AQB,AquaBounty Technologies 
AQMS,Aqua Metals 
AQXP,Aquinox Pharmaceuticals 
ARAY,Accuray rporated
ARCB,ArcBestration
ARCC,Ares Capitalration
ARCI,Appliance Recycling Centers of America 
ARCW,ARC Group Worldwide 
ARDM,Aradigmration
ARDX,Ardelyx 
AREX,Approach Resources 
ARGS,Argos Therapeutics 
ARGX,argenx SE
ARII,American Railcar Industries 
ARKR,Ark Restaurants
ARLP,Alliance Resource Partners L.P.
ARLZ,Aralez Pharmaceuticals 
ARNA,Arena Pharmaceuticals 
AROW,Arrow Financialration
ARQL,ArQule 
ARRS,ARRIS International plc
ARRY,Array BioPharma 
ARTNA,Artesian Resourcesration
ARTW,Art's-Way Manufacturing Co. 
ARTX,Arotechration
ARWR,Arrowhead Pharmaceuticals 
ASBB,ASB Bancorp 
ASCMA,Ascent Capital Group 
ASET,FlexShares Real Assets Allocation Index Fund
ASFI,Asta Funding 
ASMB,Assembly Biosciences 
ASML,ASML Holding N.V.
ASNA,Ascena Retail Group 
ASND,Ascendis Pharma A/S
ASPS,Altisource Portfolio Solutions S.A.
ASPU,Aspen Group 
ASRV,AmeriServ Financial 
ASRVP,AmeriServ Financial 
ASTC,Astrotechration
ASTE,Astec Industries 
ASUR,Asure Software Inc
ASV,ASV Holdings 
ASYS,Amtech Systems 
ATAC,Atlantic Acquisition
ATACR,Atlantic Acquisition
ATACU,Atlantic Acquisition
ATAI,ATA 
ATAX,America First Multifamily Investors L.P.
ATEC,Alphatec Holdings 
ATHN,athenahealth 
ATHX,Athersys 
ATLC,Atlanticus Holdingsration
ATLO,Ames Nationalration
ATNI,ATN International 
ATNX,Athenex 
ATOM,Atomera rporated
ATOS,Atossa Genetics 
ATRA,Atara Biotherapeutics 
ATRC,AtriCure 
ATRI,Atrionration
ATRO,Astronicsration
ATRS,Antares Pharma 
ATSG,Air Transport Services Group Inc
ATTU,Attunity
ATVI,Activision Blizzard Inc
ATXI,Avenue Therapeutics 
AUBN,Auburn National Bancorporation 
AUDC,AudioCodes
AUPH,Aurinia Pharmaceuticals Inc
AVAV,AeroVironment 
AVDL,Avadel Pharmaceuticals plc
AVEO,AVEO Pharmaceuticals 
AVGO,Broadcom
AVGR,Avinger 
AVHI,A V Homes 
AVID,Avid Technology 
AVIR,Aviragen Therapeutics 
AVNW,Aviat Networks 
AVXL,Anavex Life Sciences
AVXS,AveXis 
AWRE,Aware 
AXAR,Axar Acquisition
AXARU,Axar Acquisition
AXARW,Axar Acquisition
AXAS,Abraxas Petroleumration
AXDX,Accelerate Diagnostics 
AXGN,AxoGen 
AXON,Axovant Sciences
AXSM,Axsome Therapeutics 
AXTI,AXT Inc
AZPN,Aspen Technology 
AZRX,AzurRx BioPharma 
BABY,Natus Medical rporated
BANF,BancFirstration
BANFP,BancFirstration
BANR,Bannerration
BANX,StoneCastle Financial Corp
BASI,Bioanalytical Systems 
BATRA,Liberty Mediaration
BATRK,Liberty Mediaration
BBBY,Bed Bath & Beyond 
BBGI,Beasley Broadcast Group 
BBH,VanEck Vectors Biotech ETF
BBOX,Black Boxration
BBRG,Bravo Brio Restaurant Group 
BBRY,BlackBerry
BBSI,Barrett Business Services 
BCAC,Bison Capital Acquisition
BCACR,Bison Capital Acquisition
BCACU,Bison Capital Acquisition
BCACW,Bison Capital Acquisition
BCBP,BCB Bancorp  (NJ)
BCLI,Brainstorm Cell Therapeutics 
BCOM,B Communications
BCOR,Blucora 
BCOV,Brightcove 
BCPC,Balchemration
BCRX,BioCryst Pharmaceuticals 
BCTF,Bancorp 34 
BDGE,Bridge Bancorp 
BDSI,BioDelivery Sciences International 
BEAT,BioTelemetry 
BEBE,bebe stores 
BECN,Beacon Roofing Supply 
BELFA,Bel Fuse 
BELFB,Bel Fuse 
BFIN,BankFinancialration
BFIT,Global X Health & Wellness Thematic ETF
BGCP,BGC Partners 
BGFV,Big 5 Sporting Goodsration
BGNE,BeiGene
BHAC,Barington/Hilco Acquisition
BHACR,Barington/Hilco Acquisition
BHACU,Barington/Hilco Acquisition
BHACW,Barington/Hilco Acquisition
BHBK,Blue Hills Bancorp 
BHF,Brighthouse Financial 
BIB,ProShares Ultra Nasdaq Biotechnology
BICK,First Trust BICK Index Fund
BIDU,Baidu 
BIIB,Biogen 
BIOC,Biocept 
BIOL,Biolase 
BIOP,Bioptix Inc
BIOS,BioScrip 
BIS,ProShares UltraShort Nasdaq Biotechnology
BIVV,Bioverativ 
BJRI,BJ's Restaurants 
BKCC,BlackRock Capital Investmentration
BKEP,Blueknight Energy Partners L.P. L.L.C.
BKEPP,Blueknight Energy Partners L.P. L.L.C.
BKMU,Bank Mutualration
BKSC,Bank of South Carolina
BKYI,BIO-key International 
BL,BlackLine 
BLBD,Blue Birdration
BLCM,Bellicum Pharmaceuticals 
BLDP,Ballard Power Systems 
BLDR,Builders FirstSource 
BLFS,BioLife Solutions 
BLIN,Bridgeline Digital 
BLKB,Blackbaud 
BLMN,Bloomin' Brands 
BLMT,BSB Bancorp 
BLPH,Bellerophon Therapeutics 
BLRX,BioLineRx
BLUE,bluebird bio 
BLVD,Boulevard Acquisition II
BLVDU,Boulevard Acquisition II
BLVDW,Boulevard Acquisition II
BMCH,BMC Stock Holdings 
BMLA,BullMark LatAm Select Leaders ETF
BMLP,Bank Of Montreal
BMRA,Biomerica 
BMRC,Bank of Marin Bancorp
BMRN,BioMarin Pharmaceutical 
BMTC,Bryn Mawr Bankration
BNCL,Beneficial Bancorp 
BNDX,Vanguard Total International Bond ETF
BNFT,Benefitfocus 
BNSO,Bonso Electronics International 
BNTC,Benitec Biopharma
BNTCW,Benitec Biopharma
BOBE,Bob Evans Farms 
BOCH,Bank of Commerce Holdings (CA)
BOFI,BofI Holding 
BOFIL,BofI Holding 
BOJA,Bojangles' 
BOKF,BOK Financialration
BOKFL,BOK Financialration
BOLD,Audentes Therapeutics 
BOMN,Boston Omaharation
BONT,The Bon-Ton Stores 
BOOM,DMC Global 
BOSC,B.O.S. Better Online Solutions
BOTJ,Bank of the James Financial Group 
BOTZ,Global X Robotics & Artificial Intelligence ETF
BPFH,Boston Private Financial Holdings 
BPFHP,Boston Private Financial Holdings 
BPFHW,Boston Private Financial Holdings 
BPMC,Blueprint Medicinesration
BPOP,Popular 
BPOPM,Popular 
BPOPN,Popular 
BPRN,The Bank of Princeton
BPTH,Bio-Path Holdings 
BRCD,Brocade Communications Systems 
BREW,Craft Brew Alliance 
BRID,Bridgford Foodsration
BRKL,Brookline Bancorp 
BRKR,Brukerration
BRKS,Brooks Automation 
BRQS,Borqs Technologies 
BRQSW,Borqs Technologies 
BSET,Bassett Furniture Industries rporated
BSF,Bear State Financial 
BSFT,BroadSoft 
BSPM,Biostar Pharmaceuticals 
BSQR,BSQUAREration
BSRR,Sierra Bancorp
BSTC,BioSpecifics Technologies Corp
BSTG,Biostage 
BTEC,Principal Healthcare Innovators Index ETF
BUFF,Blue Buffalo Pet Products 
BUR,Burcon NutraScience Corp
BUSE,First Buseyration
BV,Bazaarvoice 
BVSN,BroadVision 
BVXV,BiondVax Pharmaceuticals
BVXVW,BiondVax Pharmaceuticals
BWEN,Broadwind Energy 
BWFG,Bankwell Financial Group 
BWINA,Baldwin & Lyons 
BWINB,Baldwin & Lyons 
BWLD,Buffalo Wild Wings 
BYBK,Bay Bancorp 
BYFC,Broadway Financialration
BYSI,BeyondSpring 
BZUN,Baozun 
CA,CA 
CAAS,China Automotive Systems 
CAC,Camden Nationalration
CACC,Credit Acceptanceration
CACG,ClearBridge All Cap Growth ETF
CACQ,Caesars Acquisition Company
CADC,China Advanced Construction Materials Group 
CAFD,8point3 Energy Partners LP
CAKE,The Cheesecake Factory rporated
CALA,Calithera Biosciences 
CALD,Callidus Software 
CALI,China Auto Logistics 
CALL,magicJack VocalTec Ltd
CALM,Cal-Maine Foods 
CAMP,CalAmp
CAMT,Camtek
CAPR,Capricor Therapeutics 
CAR,Avis Budget Group 
CARA,Cara Therapeutics 
CARB,Carbonite 
CARO,Carolina Financialration
CART,Carolina Trust BancShares 
CARV,Carver Bancorp 
CARZ,First Trust NASDAQ Global Auto Index Fund
CASC,Cascadian Therapeutics 
CASH,Meta Financial Group 
CASI,CASI Pharmaceuticals 
CASM,CAS Medical Systems 
CASS,Cass Information Systems Inc
CASY,Caseys General Stores 
CATB,Catabasis Pharmaceuticals 
CATH,Global X S&P 500 Catholic Values ETF
CATM,Cardtronics plc
CATS,Catasys 
CATY,Cathay General Bancorp
CATYW,Cathay General Bancorp
CAVM,Cavium 
CBAK,CBAK Energy Technology 
CBAN,Colony Bankcorp 
CBAY,CymaBay Therapeutics 
CBF,Capital Bank Financial
CBFV,CB Financial Services 
CBIO,Catalyst Biosciences 
CBLI,Cleveland BioLabs 
CBMG,Cellular Biomedicine Group 
CBMX,CombiMatrixration
CBMXW,CombiMatrixration
CBOE,CBOE Holdings 
CBPO,China Biologic Products Holdings 
CBRL,Cracker Barrel Old Country Store 
CBSH,Commerce Bancshares 
CBSHP,Commerce Bancshares 
CCBG,Capital City Bank Group
CCCL,China Ceramics Co.
CCCR,China Commercial Credit 
CCD,Calamos Dynamic Convertible & me Fund
CCIH,ChinaCache International Holdings
CCLP,CSI Compressco LP
CCMP,Cabot Microelectronicsration
CCNE,CNB Financialration
CCOI,Cogent Communications Holdings 
CCRC,China Customer Relations Centers 
CCRN,Cross Country Healthcare 
CCUR,Concurrent Computerration
CCXI,ChemoCentryx 
CDC,VictoryShares US EQ me Enhanced Volatility Wtd ETF
CDEV,Centennial Resource Development 
CDK,CDK Global 
CDL,VictoryShares US Large Cap High Div Volatility Wtd ETF
CDNA,CareDx 
CDNS,Cadence Design Systems 
CDTI,Clean Diesel Technologies 
CDTX,Cidara Therapeutics 
CDW,CDWration
CDXC,ChromaDexration
CDXS,Codexis 
CDZI,Cadiz 
CECE,CECO Environmental
CECO,Career Educationration
CELC,Celcuity 
CELG,Celgeneration
CELGZ,Celgeneration
CELH,Celsius Holdings 
CEMI,Chembio Diagnostics 
CEMP,Cempra 
CENT,Central Garden & Pet Company
CENTA,Central Garden & Pet Company
CENX,Century Aluminum Company
CERC,Cerecor 
CERCW,Cerecor 
CERN,Cernerration
CERS,Cerusration
CETV,Central European Media Enterprises
CETX,Cemtrex 
CETXP,Cemtrex 
CETXW,Cemtrex 
CEVA,CEVA 
CEZ,VictoryShares Emerging Market Volatility Wtd ETF
CFA,VictoryShares US 500 Volatility Wtd ETF
CFBI,Community First Bancshares 
CFBK,Central Federalration
CFCO,CFration
CFCOU,CFration
CFCOW,CFration
CFFI,C&F Financialration
CFFN,Capitol Federal Financial 
CFMS,ConforMIS 
CFNB,California First National Bancorp
CFO,VictoryShares US 500 Enhanced Volatility Wtd ETF
CFRX,ContraFectration
CG,The Carlyle Group L.P.
CGBD,TCG BDC 
CGEN,Compugen
CGIX,Cancer Genetics 
CGNT,Cogentix Medical 
CGNX,Cognexration
CGO,Calamos Global Total Return Fund
CHCI,Comstock Holding Companies 
CHCO,City Holding Company
CHDN,Churchill Downs rporated
CHEF,The Chefs' Warehouse 
CHEK,Check-Cap
CHEKW,Check-Cap
CHFC,Chemical Financialration
CHFN,Charter Financial
CHFS,CHF Solutions 
CHI,Calamos Convertible Opportunities and me Fund
CHKE,Cherokee 
CHKP,Check Point Software Technologies
CHMA,Chiasma 
CHMG,Chemung Financial Corp
CHNR,China Natural Resources 
CHRS,Coherus BioSciences 
CHRW,C.H. Robinson Worldwide 
CHSCL,CHS Inc
CHSCM,CHS Inc
CHSCN,CHS Inc
CHSCO,CHS Inc
CHSCP,CHS Inc
CHTR,Charter Communications 
CHUBA,CommerceHub 
CHUBK,CommerceHub 
CHUY,Chuy's Holdings 
CHW,Calamos Global Dynamic me Fund
CHY,Calamos Convertible and High me Fund
CIBR,First Trust NASDAQ Cybersecurity ETF
CID,VictoryShares International High Div Volatility Wtd ETF
CIDM,Cinedigm Corp
CIFS,China Internet Nationwide Financial Services 
CIGI,Colliers International Group 
CIL,VictoryShares International Volatility Wtd ETF
CINF,Cincinnati Financialration
CIU,iShares Intermediate Credit Bond ETF
CIVB,Civista Bancshares 
CIVBP,Civista Bancshares 
CIZ,VictoryShares Developed Enhanced Volatility Wtd ETF
CIZN,Citizens Holding Company
CJJD,China Jo-Jo Drugstores 
CKPT,Checkpoint Therapeutics 
CLAR,Clarusration
CLBS,Caladrius Biosciences 
CLCT,Collectors Universe 
CLDC,China Lendingration
CLDX,Celldex Therapeutics 
CLFD,Clearfield 
CLIR,ClearSign Combustionration
CLIRW,ClearSign Combustionration
CLLS,Cellectis S.A.
CLMT,Calumet Specialty Products Partners L.P.
CLNE,Clean Energy Fuels
CLNT,Cleantech Solutions International 
CLRB,Cellectar Biosciences 
CLRBW,Cellectar Biosciences 
CLRBZ,Cellectar Biosciences 
CLRO,ClearOne 
CLSD,Clearside Biomedical 
CLSN,Celsionration
CLUB,Town Sports International Holdings 
CLVS,Clovis Oncology 
CLWT,Euro Tech Holdings Company
CLXT,Calyxt 
CMCO,Columbus McKinnonration
CMCSA,Comcastration
CMCT,CIM Commercial Trustration
CME,CME Group 
CMFN,CM Finance Inc
CMLS,Cumulus Media 
CMPR,Cimpress N.V
CMRX,Chimerix 
CMTA,Clementia Pharmaceuticals 
CMTL,Comtech Telecommunications
CNAC,Constellation Alpha Capital
CNACR,Constellation Alpha Capital
CNACU,Constellation Alpha Capital
CNACW,Constellation Alpha Capital
CNAT,Conatus Pharmaceuticals 
CNBKA,Century Bancorp 
CNCE,Concert Pharmaceuticals 
CNCR,Loncar Cancer Immunotherapy ETF
CNET,ChinaNet Online Holdings 
CNFR,Conifer Holdings 
CNIT,China Information Technology 
CNMD,CONMEDration
CNOB,ConnectOne Bancorp 
CNSL,Consolidated Communications Holdings 
CNTF,China TechFaith Wireless Communication Technology
CNTY,Century Casinos 
CNXN,PC Connection 
CNXR,Connecture 
COBZ,CoBiz Financial 
CODA,Coda Octopus Group 
CODX,Co-Diagnostics 
COGT,Cogint 
COHR,Coherent 
COHU,Cohu 
COKE,Coca-Cola Bottling Co. Consolidated
COLB,Columbia Banking System 
COLL,Collegium Pharmaceutical 
COLM,Columbia Sportswear Company
COMM,CommScope Holding Company 
COMT,iShares Commodities Select Strategy ETF
CONE,CyrusOne Inc
CONN,Conn's 
COOL,PolarityTE 
CORE,Core-Mark Holding Company 
CORI,Corium International 
CORT,Corcept Therapeutics rporated
COST,Costco Wholesaleration
COUP,Coupa Software rporated
COWN,Cowen 
COWNL,Cowen 
CPAH,CounterPathration
CPHC,Canterbury Park Holdingration
CPIX,Cumberland Pharmaceuticals 
CPLA,Capella Education Company
CPLP,Capital Product Partners L.P.
CPRT,Copart 
CPRX,Catalyst Pharmaceuticals 
CPSH,CPS Technologies
CPSI,Computer Programs and Systems 
CPSS,Consumer Portfolio Services 
CPST,Capstone Turbineration
CPTA,Capitala Finance
CPTAG,Capitala Finance
CPTAL,Capitala Finance
CRAI,CRA International
CRAY,Cray Inc
CRBP,Corbus Pharmaceuticals Holdings 
CRED,iShares U.S. Credit Bond ETF
CREE,Cree 
CREG,China Recycling Energyration
CRESY,Cresud S.A.C.I.F. y A.
CRIS,Curis 
CRME,Cardiome Pharmaration
CRMT,America's Car-Mart 
CRNT,Ceragon Networks
CROX,Crocs 
CRSP,CRISPR Therapeutics AG
CRTN,Cartesian 
CRTO,Criteo S.A.
CRUS,Cirrus Logic 
CRVL,CorVel
CRVS,Corvus Pharmaceuticals 
CRWS,Crown Crafts 
CRZO,Carrizo Oil & Gas 
CSA,VictoryShares US Small Cap Volatility Wtd ETF
CSB,VictoryShares US Small Cap High Div Volatility Wtd ETF
CSBK,Clifton Bancorp 
CSBR,Champions Oncology 
CSCO,Cisco Systems 
CSF,VictoryShares US Discovery Enhanced Volatility Wtd ETF
CSFL,CenterState Bankration
CSGP,CoStar Group 
CSGS,CSG Systems International 
CSII,Cardiovascular Systems 
CSIQ,Canadian Solar 
CSJ,iShares 1-3 Year Credit Bond ETF
CSML,IQ Chaikin U.S. Small Cap ETF
CSOD,Cornerstone OnDemand 
CSPI,CSP 
CSQ,Calamos Strategic Total Return Fund
CSSE,Chicken Soup for the Soul Entertainment 
CSTE,Caesarstone
CSTR,CapStar Financial Holdings 
CSWC,Capital Southwestration
CSWI,CSW Industrials 
CSX,CSXration
CTAS,Cintasration
CTBI,Community Trust Bancorp 
CTG,Computer Task Group rporated
CTHR,Charles & Colvard Ltd
CTIB,CTI Industriesration
CTIC,CTI BioPharma
CTMX,CytomX Therapeutics 
CTRE,CareTrust REIT 
CTRL,Control4ration
CTRN,Citi Trends 
CTRP,Ctrip.com International
CTRV,ContraVir Pharmaceuticals Inc
CTSH,Cognizant Technology Solutionsration
CTSO,Cytosorbentsration
CTWS,Connecticut Water Service 
CTXR,Citius Pharmaceuticals 
CTXRW,Citius Pharmaceuticals 
CTXS,Citrix Systems 
CUBA,The Herzfeld Caribbean Basin Fund 
CUBN,Commerce Union Bancshares 
CUI,CUI Global 
CUNB,CU Bancorp (CA)
CUR,Neuralstem 
CUTR,Cutera 
CVBF,CVB Financialration
CVCO,Cavco Industries 
CVCY,Central Valley Community Bancorp
CVGI,Commercial Vehicle Group 
CVGW,Calavo Growers 
CVLT,Commvault Systems 
CVLY,Codorus Valley Bancorp Inc
CVO,Cenveo Inc
CVTI,Covenant Transportation Group 
CVV,CVD Equipmentration
CWAY,Coastway Bancorp 
CWBC,Community West Bancshares
CWCO,Consolidated Water Co.
CWST,Casella Waste Systems 
CXDC,China XD Plastics Company
CXRX,Concordia International
CXSE,WisdomTree China ex-State-Owned Enterprises Fund
CY,Cypress Semiconductorration
CYAD,Celyad SA
CYAN,Cyanotechration
CYBE,CyberOpticsration
CYBR,CyberArk Software
CYCC,Cyclacel Pharmaceuticals 
CYCCP,Cyclacel Pharmaceuticals 
CYHHZ,Community Health Systems 
CYOU,Changyou.com
CYRN,CYREN
CYRX,CryoPort 
CYRXW,CryoPort 
CYTK,Cytokinetics rporated
CYTR,CytRxration
CYTX,Cytori Therapeutics Inc
CYTXW,Cytori Therapeutics Inc
CZFC,Citizens Firstration
CZNC,Citizens & Northern Corp
CZR,Caesars Entertainmentration
CZWI,Citizens Community Bancorp 
DAIO,Data I/Oration
DAKT,Daktronics 
DARE,Dare Bioscience 
DAVE,Famous Dave's of America 
DAX,Horizons DAX Germany ETF
DBVT,DBV Technologies S.A.
DCIX,Diana Containerships 
DCOM,Dime Community Bancshares 
DDBI,Legg Mason Developed EX-US Diversified Core ETF
DELT,Delta Technology Holdings
DELTW,Delta Technology Holdings
DENN,Denny'sration
DEPO,Depomed 
DERM,Dermira 
DEST,Destination Maternityration
DFBG,Differential Brands Group 
DFFN,Diffusion Pharmaceuticals 
DFNL,Davis Select Financial ETF
DFRG,Del Frisco's Restaurant Group 
DFVL,Barclays PLC
DFVS,Barclays PLC
DGICA,Donegal Group 
DGICB,Donegal Group 
DGII,Digi International 
DGLD,Credit Suisse AG
DGLT,Digiliti Money Group 
DGLY,Digital Ally 
DGRE,WisdomTree Emerging Markets Quality Dividend Growth Fund
DGRS,WisdomTree U.S. SmallCap Quality Dividend Growth Fund
DGRW,WisdomTree U.S. Quality Dividend Growth Fund
DHIL,Diamond Hill Investment Group 
DHXM,DHX Media
DIOD,Diodes rporated
DISCA,Discovery Communications 
DISCB,Discovery Communications 
DISCK,Discovery Communications 
DISH,DISH Networkration
DJCO,Daily Journal (S.C.)
DLBL,Barclays PLC
DLBS,Barclays PLC
DLHC,DLH Holdings
DLTH,Duluth Holdings 
DLTR,Dollar Tree 
DMLP,Dorchester Minerals L.P.
DMPI,DelMar Pharmaceuticals 
DMRC,Digimarcration
DMTX,Dimension Therapeutics 
DNBF,DNB Financial Corp
DNKN,Dunkin' Brands Group 
DORM,Dorman Products 
DOTAU,Draper Oakwood Technology Acquisition 
DOVA,Dova Pharmaceuticals 
DOX,Amdocs
DRAD,Digiradration
DRIO,DarioHealth
DRIOW,DarioHealth
DRNA,Dicerna Pharmaceuticals 
DRRX,DURECTration
DRYS,DryShips 
DSGX,The Descartes Systems Group 
DSKE,Daseke 
DSKEW,Daseke 
DSLV,Credit Suisse AG
DSPG,DSP Group 
DSWL,Deswell Industries 
DTEA,DAVIDsTEA 
DTRM,Determine 
DTUL,Barclays PLC
DTUS,Barclays PLC
DTYL,Barclays PLC
DTYS,Barclays PLC
DUSA,Davis Select U.S. Equity ETF
DVAX,Dynavax Technologiesration
DVCR,Diversicare Healthcare Services 
DVY,iShares Select Dividend ETF
DWAC,Elkhorn Commodity Rotation Strategy ETF
DWAQ,PowerShares DWA NASDAQ Momentum Portfolio
DWAS,PowerShares DWA SmallCap Momentum Portfolio
DWAT,Arrow DWA Tactical ETF
DWCH,Datawatchration
DWFI,SPDR Dorsey Wright Fixed me Allocation ETF
DWIN,PowerShares DWA Tactical Multi-Asset me Portfolio
DWLD,Davis Select Worldwide ETF
DWLV,PowerShares DWA Momentum & Low Volatility Rotation Portfolio
DWPP,First Trust Dorsey Wright People's Portfolio ETF
DWSN,Dawson Geophysical Company
DWTR,PowerShares DWA Tactical Sector Rotation Portfolio
DXCM,DexCom 
DXGE,WisdomTree Germany Hedged Equity Fund
DXJS,WisdomTree Japan Hedged SmallCap Equity Fund
DXLG,Destination XL Group 
DXPE,DXP Enterprises 
DXPS,WisdomTree United Kingdom Hedged Equity Fund
DXTR,Dextera Surgical 
DXYN,The Dixie Group 
DYNT,Dynatronicsration
DYSL,Dynasilration of America
DZSI,DASAN Zhone Solutions 
EA,Electronic Arts 
EACQ,Easterly Acquisition
EACQU,Easterly Acquisition
EACQW,Easterly Acquisition
EAGL,Double Eagle Acquisition
EAGLU,Double Eagle Acquisition
EAGLW,Double Eagle Acquisition
EARS,Auris Medical Holding AG
EBAY,eBay 
EBAYL,eBay 
EBIO,Eleven Biotherapeutics 
EBIX,Ebix 
EBMT,Eagle Bancorp Montana 
EBSB,Meridian Bancorp 
EBTC,Enterprise Bancorp Inc
ECHO,Echo Global Logistics 
ECOL,US Ecology 
ECPG,Encore Capital Group Inc
ECYT,Endocyte 
EDAP,EDAP TMS S.A.
EDBI,Legg Mason Emerging Markets Diversified Core ETF
EDGE,Edge Therapeutics 
EDGW,Edgewater Technology 
EDIT,Editas Medicine 
EDUC,Educational Developmentration
EEFT,Euronet Worldwide 
EEI,Ecology and Environment 
EEMA,iShares MSCI Emerging Markets Asia Index Fund
EFAS,Global X MSCI SuperDividend EAFE ETF
EFBI,Eagle Financial Bancorp 
EFII,Electronics for Imaging 
EFOI,Energy Focus 
EFSC,Enterprise Financial Servicesration
EGAN,eGainration
EGBN,Eagle Bancorp 
EGHT,8x8 Inc
EGLE,Eagle Bulk Shipping 
EGLT,Egaletration
EGOV,NIC 
EGRX,Eagle Pharmaceuticals 
EHTH,eHealth 
EIGI,Endurance International Group Holdings 
EIGR,Eiger BioPharmaceuticals 
EKSO,Ekso Bionics Holdings 
ELEC,Electrum Special Acquisitionration
ELECU,Electrum Special Acquisitionration
ELECW,Electrum Special Acquisitionration
ELGX,Endologix 
ELON,Echelonration
ELSE,Electro-Sensors 
ELTK,Eltek
EMB,iShares J.P. Morgan USD Emerging Markets Bond ETF
EMCB,WisdomTree Emerging Marketsrate Bond Fund
EMCF,Emclaire Financial Corp
EMCG,WisdomTree Emerging Markets Consumer Growth Fund
EMCI,EMC Insurance Group 
EMIF,iShares S&P Emerging Markets Infrastructure Index Fund
EMITF,Elbit Imaging
EMKR,EMCOREration
EML,Eastern Company (The)
EMMS,Emmis Communicationsration
EMXC,iShares MSCI Emerging Markets ex China ETF
ENDP,Endo International plc
ENFC,Entegra Financial
ENG,ENGlobalration
ENPH,Enphase Energy 
ENSG,The Ensign Group 
ENT,Global Eagle Entertainment 
ENTA,Enanta Pharmaceuticals 
ENTG,Entegris 
ENTL,Entellus Medical 
ENZL,iShares MSCI New Zealand Capped ETF
ENZY,Enzymotec
EPAY,Bottomline Technologies 
EPIX,ESSA Pharma 
EPZM,Epizyme 
EQBK,Equity Bancshares 
EQFN,Equitable Financial
EQIX,Equinix 
EQRR,ProShares Equities for Rising Rates ETF
ERI,Eldorado Resorts 
ERIC,Ericsson
ERIE,Erie Indemnity Company
ERII,Energy Recovery 
ESBK,Elmira Savings Bank NY (The)
ESCA,Escalade rporated
ESDI,Eastside Distilling 
ESDIW,Eastside Distilling 
ESEA,Euroseas
ESES,Eco-Stim Energy Solutions 
ESG,FlexShares STOXX US ESG Impact Index Fund
ESGD,iShares MSCI EAFE ESG Optimized ETF
ESGE,iShares MSCI EM ESG Optimized ETF
ESGG,FlexShares STOXX Global ESG Impact Index Fund
ESGR,Enstar Group
ESGU,iShares MSCI USA ESG Optimized ETF
ESIO,Electro Scientific Industries 
ESLT,Elbit Systems
ESND,Essendant 
ESPR,Esperion Therapeutics 
ESQ,Esquire Financial Holdings 
ESRX,Express Scripts Holding Company
ESSA,ESSA Bancorp 
ESXB,Community Bankers Trustration.
ETFC,E*TRADE Financialration
ETRM,EnteroMedics 
ETSY,Etsy 
EUFN,iShares MSCI Europe Financials Sector Index Fund
EVAR,Lombard Medical 
EVBG,Everbridge 
EVEP,EV Energy Partners L.P.
EVGBC,Eaton Vance NextShares Trust
EVGN,Evogene
EVK,Ever-Glory International Group 
EVLMC,Eaton Vance NextShares Trust II
EVLV,EVINE Live 
EVOK,Evoke Pharma 
EVOL,Evolving Systems 
EVSTC,Eaton Vance NextShares Trust
EWBC,East West Bancorp 
EWZS,iShares MSCI Brazil Small-Cap ETF
EXA,Exaration
EXAC,Exactech 
EXAS,Exact Sciencesration
EXEL,Exelixis 
EXFO,EXFO Inc
EXLS,ExlService Holdings 
EXPD,Expeditors International of Washington 
EXPE,Expedia 
EXPO,Exponent 
EXTR,Extreme Networks 
EXXI,Energy XXI Gulf Coast 
EYEG,Eyegate Pharmaceuticals 
EYEGW,Eyegate Pharmaceuticals 
EYES,Second Sight Medical Products 
EYESW,Second Sight Medical Products 
EZPW,EZCORP 
FAAR,First Trust Alternative Absolute Return Strategy ETF
FAB,First Trust Multi Cap Value AlphaDEX Fund
FAD,First Trust Multi Cap Growth AlphaDEX Fund
FALC,FalconStor Software 
FALN,iShares Fallen Angels USD Bond ETF
FANG,Diamondback Energy 
FANH,Fanhua 
FARM,Farmer Brothers Company
FARO,FARO Technologies 
FAST,Fastenal Company
FATE,Fate Therapeutics 
FB,Facebook 
FBIO,Fortress Biotech 
FBIZ,First Business Financial Services 
FBMS,The First Bancshares 
FBNC,First Bancorp
FBNK,First Connecticut Bancorp 
FBSS,Fauquier Bankshares 
FBZ,First Trust Brazil AlphaDEX Fund
FCA,First Trust China AlphaDEX Fund
FCAL,First Trust California Municipal High me ETF
FCAN,First Trust Canada AlphaDEX Fund
FCAP,First Capital 
FCBC,First Community Bancshares 
FCCO,First Communityration
FCCY,1st Constitution Bancorp (NJ)
FCEF,First Trust CEF me Opportunity ETF
FCEL,FuelCell Energy 
FCNCA,First Citizens BancShares 
FCSC,Fibrocell Science Inc
FCVT,First Trust SSI Strategic Convertible Securities ETF
FDEF,First Defiance Financial
FDIV,First Trust Strategic me ETF
FDT,First Trust Developed Markets Ex-US AlphaDEX Fund
FDTS,First Trust Developed Markets ex-US Small Cap AlphaDEX Fund
FDUS,Fidus Investmentration
FEIM,Frequency Electronics 
FELE,Franklin Electric Co. 
FEM,First Trust Emerging Markets AlphaDEX Fund
FEMB,First Trust Emerging Markets Local Currency Bond ETF
FEMS,First Trust Emerging Markets Small Cap AlphaDEX Fund
FENC,Fennec Pharmaceuticals 
FEP,First Trust Europe AlphaDEX Fund
FEUZ,First Trust Eurozone AlphaDEX ETF
FEX,First Trust Large Cap Core AlphaDEX Fund
FEYE,FireEye 
FFBC,First Financial Bancorp.
FFBCW,First Financial Bancorp.
FFHL,Fuwei Films (Holdings) Co.
FFIC,Flushing Financialration
FFIN,First Financial Bankshares 
FFIV,F5 Networks 
FFKT,Farmers Capital Bankration
FFNW,First Financial Northwest 
FFWM,First Foundation 
FGBI,First Guaranty Bancshares 
FGEN,FibroGen Inc
FGM,First Trust Germany AlphaDEX Fund
FH,FORM Holdings
FHB,First Hawaiian 
FHK,First Trust Hong Kong AlphaDEX Fund
FIBK,First Interstate BancSystem 
FINL,The Finish Line 
FINX,Global X FinTech ETF
FISI,Financial Institutions 
FISV,Fiserv 
FITB,Fifth Third Bancorp
FITBI,Fifth Third Bancorp
FITS,The Health and Fitness ETF
FIVE,Five Below 
FIVN,Five9 
FIXD,First Trust TCW Opportunistic Fixed me ETF
FIZZ,National Beverage
FJP,First Trust Japan AlphaDEX Fund
FKO,First Trust South Korea AlphaDEX Fund
FKU,First Trust United Kingdom AlphaDEX Fund
FLAG,WeatherStorm Forensic Accounting Long Short ETF
FLAT,Barclays PLC
FLDM,Fluidigmration
FLEX,Flex
FLGT,Fulgent Genetics 
FLIC,The First of Long Islandration
FLIR,FLIR Systems 
FLKS,Flex Pharma 
FLL,Full House Resorts 
FLN,First Trust Latin America AlphaDEX Fund
FLWS,1-800 FLOWERS.COM 
FLXN,Flexion Therapeutics 
FLXS,Flexsteel Industries 
FMAO,Farmers & Merchants Bancorp 
FMB,First Trust Managed Municipal ETF
FMBH,First Mid-Illinois Bancshares 
FMBI,First Midwest Bancorp 
FMCI,Forum Mergerration
FMCIR,Forum Mergerration
FMCIU,Forum Mergerration
FMCIW,Forum Mergerration
FMI,Foundation Medicine 
FMK,First Trust Mega Cap AlphaDEX Fund
FMNB,Farmers National Banc
FNBG,FNB Bancorp
FNGN,Financial Engines 
FNHC,Federated National Holding Company
FNJN,Finjan Holdings 
FNK,First Trust Mid Cap Value AlphaDEX Fund
FNLC,First Bancorp (ME)
FNSR,Finisarration
FNTE,FinTech Acquisition II
FNTEU,FinTech Acquisition II
FNTEW,FinTech Acquisition II
FNWB,First Northwest Bancorp
FNX,First Trust Mid Cap Core AlphaDEX Fund
FNY,First Trust Mid Cap Growth AlphaDEX Fund
FOANC,Gabelli NextShares Trust
FOGO,Fogo de Chao 
FOLD,Amicus Therapeutics 
FOMX,Foamix Pharmaceuticals
FONE,First Trust NASDAQ Smartphone Index Fund
FONR,Fonarration
FORD,Forward Industries 
FORK,Fuling Global 
FORM,FormFactor 
FORR,Forrester Research 
FORTY,Formula Systems (1985)
FOSL,Fossil Group 
FOX,Twenty-First Century Fox 
FOXA,Twenty-First Century Fox 
FOXF,Fox Factory Holding
FPA,First Trust Asia Pacific Ex-Japan AlphaDEX Fund
FPAY,FlexShopper 
FPRX,Five Prime Therapeutics 
FPXI,First Trust International IPO ETF
FRAN,Francesca's Holdingsration
FRBA,First Bank
FRBK,Republic First Bancorp 
FRED,Fred's 
FRGI,Fiesta Restaurant Group 
FRME,First Merchantsration
FRPH,FRP Holdings 
FRPT,Freshpet 
FRSH,Papa Murphy's Holdings 
FRSX,Foresight Autonomous Holdings
FRTA,Forterra 
FSAC,Federal Street Acquisition
FSACU,Federal Street Acquisition
FSACW,Federal Street Acquisition
FSAM,Fifth Street Asset Management 
FSBC,FSB Bancorp 
FSBK,First South Bancorp Inc
FSBW,FS Bancorp 
FSC,Fifth Street Finance
FSCFL,Fifth Street Finance
FSFG,First Savings Financial Group 
FSFR,Fifth Street Senior Floating Rate
FSLR,First Solar 
FSNN,Fusion Telecommunications International 
FSTR,L.B. Foster Company
FSV,FirstServiceration
FSZ,First Trust Switzerland AlphaDEX Fund
FTA,First Trust Large Cap Value AlphaDEX Fund
FTAG,First Trust Indxx Global Agriculture ETF
FTC,First Trust Large Cap Growth AlphaDEX Fund
FTCS,First Trust Capital Strength ETF
FTD,FTD Companies 
FTEK,Fuel Tech 
FTEO,FRONTEO 
FTFT,Future FinTech Group 
FTGC,First Trust Global Tactical Commodity Strategy Fund
FTHI,First Trust High me ETF
FTLB,First Trust Low Beta me ETF
FTNT,Fortinet 
FTR,Frontier Communicationsration
FTRI,First Trust Indxx Global Natural Resources me ETF
FTRPR,Frontier Communicationsration
FTSL,First Trust Senior Loan Fund ETF
FTSM,First Trust Enhanced Short Maturity ETF
FTW,First Trust Taiwan AlphaDEX Fund
FTXD,First Trust Nasdaq Retail ETF
FTXG,First Trust Nasdaq Food & Beverage ETF
FTXH,First Trust Nasdaq Pharmaceuticals ETF
FTXL,First Trust Nasdaq Semiconductor ETF
FTXN,First Trust Nasdaq Oil & Gas ETF
FTXO,First Trust Nasdaq Bank ETF
FTXR,First Trust Nasdaq Transportation ETF
FULLL,Great Elm Capital
FULT,Fulton Financialration
FUNC,First Unitedration
FUND,Sprott Focus Trust 
FUSB,First US Bancshares 
FUV,Arcimoto 
FV,First Trust Dorsey Wright Focus 5 ETF
FVC,First Trust Dorsey Wright Dynamic Focus 5 ETF
FVE,Five Star Senior Living 
FWONA,Liberty Mediaration
FWONK,Liberty Mediaration
FWP,Forward Pharma A/S
FWRD,Forward Airration
FYC,First Trust Small Cap Growth AlphaDEX Fund
FYT,First Trust Small Cap Value AlphaDEX Fund
FYX,First Trust Small Cap Core AlphaDEX Fund
GABC,German American Bancorp 
GAIA,Gaia 
GAIN,Gladstone Investmentration
GAINM,Gladstone Investmentration
GAINN,Gladstone Investmentration
GAINO,Gladstone Investmentration
GALE,Galena Biopharma 
GALT,Galectin Therapeutics 
GARS,Garrison Capital 
GASS,StealthGas 
GBCI,Glacier Bancorp 
GBDC,Golub Capital BDC 
GBLI,Global Indemnity
GBLIL,Global Indemnity
GBLIZ,Global Indemnity
GBNK,Guaranty Bancorp
GBT,Global Blood Therapeutics 
GCBC,Greene County Bancorp 
GCVRZ,Sanofi
GDEN,Golden Entertainment 
GDS,GDS Holdings
GEC,Great Elm Capital Group 
GECC,Great Elm Capital
GEMP,Gemphire Therapeutics 
GENC,Gencor Industries 
GENE,Genetic Technologies Ltd
GENY,Principal Millennials Index ETF
GEOS,Geospace Technologiesration
GERN,Geronration
GEVO,Gevo 
GFED,Guaranty Federal Bancshares 
GFN,General Financeration
GFNCP,General Financeration
GFNSL,General Financeration
GGAL,Grupo Financiero Galicia S.A.
GHDX,Genomic Health 
GIFI,Gulf Island Fabrication 
GIGA,Giga-tronics rporated
GIGM,GigaMedia
GIII,G-III Apparel Group
GILD,Gilead Sciences 
GILT,Gilat Satellite Networks
GLAD,Gladstone Capitalration
GLADO,Gladstone Capitalration
GLBL,TerraForm Global 
GLBR,Global Brokerage 
GLBS,Globus Maritime
GLBZ,Glen Burnie Bancorp
GLDD,Great Lakes Dredge & Dockration
GLDI,Credit Suisse AG
GLMD,Galmed Pharmaceuticals
GLNG,Golar LNG
GLPG,Galapagos NV
GLPI,Gaming and Leisure Properties 
GLRE,Greenlight Reinsurance
GLUU,Glu Mobile 
GLYC,GlycoMimetics 
GMLP,Golar LNG Partners LP
GNBC,Green Bancorp 
GNCA,Genocea Biosciences 
GNCMA,General Communication 
GNMA,iShares GNMA Bond ETF
GNMK,GenMark Diagnostics 
GNMX,Aevi Genomic Medicine 
GNRX,VanEck Vectors Generic Drugs ETF
GNTX,Gentexration
GNTY,Guaranty Bancshares 
GNUS,Genius Brands International 
GOGL,Golden Ocean Group
GOGO,Gogo 
GOLD,Randgold Resources
GOOD,Gladstone Commercialration
GOODM,Gladstone Commercialration
GOODO,Gladstone Commercialration
GOODP,Gladstone Commercialration
GOOG,Alphabet 
GOOGL,Alphabet 
GOV,Government Properties me Trust
GOVNI,Government Properties me Trust
GPAC,Global Partner Acquisition
GPACU,Global Partner Acquisition
GPACW,Global Partner Acquisition
GPIA,GP Investments Acquisition
GPIAU,GP Investments Acquisition
GPIAW,GP Investments Acquisition
GPIC,Gaming Partners Internationalration
GPOR,Gulfport Energyration
GPP,Green Plains Partners LP
GPRE,Green Plains 
GPRO,GoPro 
GRBK,Green Brick Partners 
GRFS,Grifols S.A.
GRID,First Trust NASDAQ Clean Edge Smart Grid Infrastructure Index Fund
GRIF,Griffin Industrial Realty 
GRMN,Garmin
GROW,U.S. Global Investors 
GRPN,Groupon 
GRVY,GRAVITY Co.
GSBC,Great Southern Bancorp 
GSHT,Gores Holdings II 
GSHTU,Gores Holdings II 
GSHTW,Gores Holdings II 
GSIT,GSI Technology 
GSM,Ferroglobe PLC
GSUM,Gridsum Holding 
GSVC,GSV Capital Corp
GT,The Goodyear Tire & Rubber Company
GTHX,G1 Therapeutics 
GTIM,Good Times Restaurants 
GTLS,Chart Industries 
GTXI,GTx 
GTYH,GTY Technology Holdings 
GTYHU,GTY Technology Holdings 
GTYHW,GTY Technology Holdings 
GULF,WisdomTree Middle East Dividend Fund
GURE,Gulf Resources 
GWGH,GWG Holdings Inc
GWPH,GW Pharmaceuticals Plc
GWRS,Global Water Resources 
GYRO,Gyrodyne  LLC
HA,Hawaiian Holdings 
HABT,The Habit Restaurants 
HAFC,Hanmi Financialration
HAIN,The Hain Celestial Group 
HALL,Hallmark Financial Services 
HALO,Halozyme Therapeutics 
HAS,Hasbro 
HAWK,Blackhawk Network Holdings 
HAYN,Haynes International 
HBAN,Huntington Bancshares rporated
HBANN,Huntington Bancshares rporated
HBANO,Huntington Bancshares rporated
HBANP,Huntington Bancshares rporated
HBCP,Home Bancorp 
HBHC,Hancock Holding Company
HBHCL,Hancock Holding Company
HBIO,Harvard Bioscience 
HBK,Hamilton Bancorp 
HBMD,Howard Bancorp 
HBNC,Horizon Bancorp (IN)
HBP,Huttig Building Products 
HCAP,Harvest Capital Creditration
HCAPL,Harvest Capital Creditration
HCAPZ,Harvest Capital Creditration
HCCI,Heritage-Crystal Clean 
HCKT,The Hackett Group 
HCM,Hutchison China MediTech
HCOM,Hawaiian Telcom Holdco 
HCSG,Healthcare Services Group 
HDNG,Hardinge 
HDP,Hortonworks 
HDS,HD Supply Holdings 
HDSN,Hudson Technologies 
HEAR,Turtle Beachration
HEBT,Hebron Technology Co.
HEES,H&E Equipment Services 
HELE,Helen of Troy
HEWG,iShares Currency Hedged MSCI Germany ETF
HFBC,HopFed Bancorp 
HFBL,Home Federal Bancorp  of Louisiana
HFWA,Heritage Financialration
HGSH,China HGS Real Estate 
HIBB,Hibbett Sports 
HIFS,Hingham Institution for Savings
HIHO,Highway Holdings
HIIQ,Health Insurance Innovations 
HIMX,Himax Technologies 
HLG,Hailiang Education Group 
HLIT,Harmonic 
HLNE,Hamilton Lane rporated
HMHC,Houghton Mifflin Harcourt Company
HMNF,HMN Financial 
HMNY,Helios and Matheson Analytics Inc
HMST,HomeStreet 
HMSY,HMS Holdings Corp
HMTA,HomeTown Banksharesration
HMTV,Hemisphere Media Group 
HNH,Handy & Harman
HNNA,Hennessy Advisors 
HNRG,Hallador Energy Company
HOFT,Hooker Furnitureration
HOLI,Hollysys Automation Technologies
HOLX,Hologic 
HOMB,Home BancShares 
HONE,HarborOne Bancorp 
HOPE,Hope Bancorp 
HOTR,Chanticleer Holdings 
HOVNP,Hovnanian Enterprises Inc
HPJ,Highpower International Inc
HPT,Hospitality Properties Trust
HQCL,Hanwha Q CELLS Co.
HQY,HealthEquity 
HRTX,Heron Therapeutics 
HRZN,Horizon Technology Financeration
HSGX,Histogenicsration
HSIC,Henry Schein 
HSII,Heidrick & Struggles International 
HSKA,Heskaration
HSNI,HSN 
HSON,Hudson Global 
HSTM,HealthStream 
HTBI,HomeTrust Bancshares 
HTBK,Heritage Commerce Corp
HTBX,Heat Biologics 
HTGM,HTG Molecular Diagnostics 
HTHT,China Lodging Group
HTLD,Heartland Express 
HTLF,Heartland Financial USA 
HUBG,Hub Group 
HUNT,Hunter Maritime Acquisition
HUNTU,Hunter Maritime Acquisition
HUNTW,Hunter Maritime Acquisition
HURC,Hurco Companies 
HURN,Huron Consulting Group 
HVBC,HV Bancorp 
HWBK,Hawthorn Bancshares 
HWCC,Houston Wire & Cable Company
HWKN,Hawkins 
HYGS,Hydrogenicsration
HYLS,First Trust High Yield Long/Short ETF
HYND,WisdomTree Negative Duration High Yield Bond Fund
HYXE,iShares iBoxx $ High Yield ex Oil & Gasrate Bond ETF
HYZD,WisdomTree Interest Rate Hedged High Yield Bond Fund
HZNP,Horizon Pharma plc
IAC,IAC/InterActiveCorp
IAMXU,I-AM Capital Acquisition Company
IART,Integra LifeSciences Holdingsration
IBB,iShares Nasdaq Biotechnology Index Fund
IBCP,Independent Bankration
IBKC,IBERIABANKration
IBKCO,IBERIABANKration
IBKCP,IBERIABANKration
IBKR,Interactive Brokers Group 
IBOC,International Bancsharesration
IBTX,Independent Bank Group Inc
IBUY,Amplify Online Retail ETF
ICAD,icad 
ICBK,County Bancorp 
ICCC,ImmuCellration
ICCH,ICC Holdings 
ICFI,ICF International 
ICHR,Ichor Holdings
ICLN,iShares S&P Global Clean Energy Index Fund
ICLR,ICON plc
ICON,Iconix Brand Group 
ICPT,Intercept Pharmaceuticals 
ICUI,ICU Medical 
IDCC,InterDigital 
IDLB,PowerShares FTSE International Low Beta Equal Weight Portfolio
IDRA,Idera Pharmaceuticals 
IDSA,Industrial Services of America 
IDSY,I.D. Systems 
IDTI,Integrated Device Technology 
IDXG,Interpace Diagnostics Group 
IDXX,IDEXX Laboratories 
IEF,iShares 7-10 Year Treasury Bond ETF
IEI,iShares 3-7 Year Treasury Bond ETF
IEP,Icahn Enterprises L.P.
IESC,IES Holdings 
IEUS,iShares MSCI Europe Small-Cap ETF
IFEU,iShares FTSE EPRA/NAREIT Europe Index Fund
IFGL,iShares FTSE EPRA/NAREIT Global Real Estate ex-U.S. Index Fund
IFMK,iFresh 
IFON,InfoSonics Corp
IFV,First Trust Dorsey Wright International Focus 5 ETF
IGF,iShares Global Infrastructure ETF
IGLD,Internet Gold Golden Lines
IGOV,iShares International Treasury Bond ETF
III,Information Services Group 
IIIN,Insteel Industries 
IIJI,Internet Initiative Japan 
IIN,IntriConration
IIVI,II-VI rporated
IJT,iShares S&P Small-Cap 600 Growth ETF
IKNX,Ikonicsration
ILG,ILG Inc
ILMN,Illumina 
IMDZ,Immune Design
IMGN,ImmunoGen 
IMI,Intermolecular 
IMKTA,Ingles Markets rporated
IMMR,Immersionration
IMMU,Immunomedics 
IMMY,Imprimis Pharmaceuticals 
IMNP,Immune Pharmaceuticals 
IMOS,ChipMOS TECHNOLOGIES 
IMPV,Imperva 
IMRN,Immuron
IMRNW,Immuron
IMTE,Integrated Media Technology
INAP,Internapration
INBK,First Internet Bancorp
INBKL,First Internet Bancorp
INCR,INC Research Holdings 
INCY,Incyteration
INDB,Independent Bank
INDU,Industrea Acquisition
INDUU,Industrea Acquisition
INDUW,Industrea Acquisition
INDY,iShares S&P India Nifty 50 Index Fund
INFI,Infinity Pharmaceuticals 
INFN,Infineraration
INFO,IHS Markit
INFR,Legg Mason Global Infrastructure ETF
INGN,Inogen Inc
INO,Inovio Pharmaceuticals 
INOD,Innodata 
INOV,Inovalon Holdings 
INPX,Inpixon
INSE,Inspired Entertainment 
INSG,Inseego
INSM,Insmed 
INSY,Insys Therapeutics 
INTC,Intelration
INTG,The Intergroupration
INTL,INTL FCStone 
INTU,Intuit 
INTX,Intersections 
INVA,Innoviva 
INVE,Identiv 
INWK,InnerWorkings 
IONS,Ionis Pharmaceuticals 
IOSP,Innospec 
IOTS,Adesto Technologiesration
IOVA,Iovance Biotherapeutics 
IPAR,Inter Parfums 
IPAS,iPass 
IPCC,Infinity Property and Casualtyration
IPCI,Intellipharmaceutics International 
IPDN,Professional Diversity Network 
IPGP,IPG Photonicsration
IPHS,Innophos Holdings 
IPKW,PowerShares International BuyBack Achievers Portfolio
IPWR,Ideal Power 
IPXL,Impax Laboratories 
IRBT,iRobotration
IRCP,IRSA Propiedades Comerciales S.A.
IRDM,Iridium Communications Inc
IRDMB,Iridium Communications Inc
IRIX,IRIDEXration
IRMD,iRadimedration
IROQ,IF Bancorp 
IRTC,iRhythm Technologies 
IRWD,Ironwood Pharmaceuticals 
ISBC,Investors Bancorp 
ISCA,International Speedwayration
ISHG,iShares 1-3 Year International Treasury Bond ETF
ISIG,Insignia Systems 
ISM,Navientration
ISNS,Image Sensing Systems 
ISRG,Intuitive Surgical 
ISRL,Isramco 
ISSC,Innovative Solutions and Support 
ISTB,iShares Core 1-5 Year USD Bond ETF
ISTR,Investar Holdingration
ITCI,Intra-Cellular Therapies 
ITEK,Inotek Pharmaceuticalsration
ITEQ,BlueStar TA-BIGITech Israel Technology ETF
ITI,Iteris 
ITIC,Investors Title Company
ITRI,Itron 
ITRN,Ituran Location and Control
ITUS,ITUSration
IUSB,iShares Core Total USD Bond Market ETF
IUSG,iShares Core S&P U.S. Growth ETF
IUSV,iShares Core S&P U.S. Value ETF
IVAC,Intevac 
IVENC,Ivy NextShares
IVFGC,Ivy NextShares
IVFVC,Ivy NextShares
IVTY,Invuity 
IXUS,iShares Core MSCI Total International Stock ETF
IXYS,IXYSration
IZEA,IZEA 
JACK,Jack In The Box 
JAGX,Jaguar Health 
JAKK,JAKKS Pacific 
JASN,Jason Industries 
JASNW,Jason Industries 
JASO,JA Solar Holdings Co.
JAZZ,Jazz Pharmaceuticals plc
JBHT,J.B. Hunt Transport Services 
JBLU,JetBlue Airwaysration
JBSS,John B. Sanfilippo & Son 
JCOM,j2 Global 
JCS,Communications Systems 
JCTCF,Jewett-Cameron Trading Company
JD,JD.com 
JJSF,J & J Snack Foods
JKHY,Jack Henry & Associates 
JKI,iShares Morningstar Mid-Cap ETF
JMBA,Jamba 
JMU,JMU
JNCE,Jounce Therapeutics 
JNP,Juniper Pharmaceuticals 
JOBS,51job 
JOUT,Johnson Outdoors 
JRJC,China Finance Online Co.
JRVR,James River Group Holdings
JSM,Navientration
JSMD,Janus Henderson Small/Mid Cap Growth Alpha ETF
JSML,Janus Henderson Small Cap Growth Alpha ETF
JSYN,Jensyn Acquistion
JSYNR,Jensyn Acquistion
JSYNU,Jensyn Acquistion
JSYNW,Jensyn Acquistion
JTPY,JetPayration
JUNO,Juno Therapeutics 
JVA,Coffee Holding Co. 
JXSB,Jacksonville Bancorp 
JYNT,The Joint
KAAC,Kayne Anderson Acquisition
KAACU,Kayne Anderson Acquisition
KAACW,Kayne Anderson Acquisition
KALA,Kala Pharmaceuticals 
KALU,Kaiser Aluminumration
KALV,KalVista Pharmaceuticals 
KANG,iKang Healthcare Group 
KBAL,Kimball International 
KBLM,KBL Merger IV
KBLMR,KBL Merger IV
KBLMU,KBL Merger IV
KBLMW,KBL Merger IV
KBSF,KBS Fashion Group
KBWB,PowerShares KBW Bank Portfolio
KBWD,PowerShares KBW High Dividend Yield Financial Portfolio
KBWP,PowerShares KBW Property & Casualty Insurance Portfolio
KBWR,PowerShares KBW Regional Banking Portfolio
KBWY,PowerShares KBW Premium Yield Equity REIT Portfolio
KCAP,KCAP Financial 
KCAPL,KCAP Financial 
KE,Kimball Electronics 
KELYA,Kelly Services 
KELYB,Kelly Services 
KEQU,Kewaunee Scientificration
KERX,Keryx Biopharmaceuticals 
KEYW,The KEYW Holdingration
KFFB,Kentucky First Federal Bancorp
KFRC,Kforce 
KGJI,Kingold Jewelry 
KHC,The Kraft Heinz Company
KIN,Kindred Biosciences 
KINS,Kingstone Companies Inc
KIRK,Kirkland's 
KITE,Kite Pharma 
KLAC,KLA-Tencorration
KLIC,Kulicke and Soffa Industries 
KLXI,KLX 
KMDA,Kamada
KMPH,KemPharm 
KNDI,Kandi Technologies Group 
KNSL,Kinsale Capital Group 
KONA,Kona Grill 
KONE,Kingtone Wirelessinfo Solution Holding Ltd
KOOL,Cesca Therapeutics 
KOPN,Kopinration
KOSS,Kossration
KPTI,Karyopharm Therapeutics 
KRMA,Global X Conscious Companies ETF
KRNT,Kornit Digital
KRNY,Kearny Financial
KRYS,Krystal Biotech 
KTCC,Key Tronicration
KTEC,Key Technology 
KTOS,Kratos Defense & Security Solutions 
KTOV,Kitov Pharmaceuticals Holdings
KTOVW,Kitov Pharmaceuticals Holdings
KTWO,K2M Group Holdings 
KURA,Kura Oncology 
KVHI,KVH Industries 
KWEB,KraneShares CSI China Internet ETF
LABL,Multi-Colorration
LAKE,Lakeland Industries 
LALT,PowerShares Multi-Strategy Alternative Portfolio
LAMR,Lamar Advertising Company
LANC,Lancaster Colonyration
LAND,Gladstone Landration
LANDP,Gladstone Landration
LARK,Landmark Bancorp 
LAUR,Laureate Education 
LAWS,Lawson Products 
LAYN,Layne Christensen Company
LBAI,Lakeland Bancorp 
LBIX,Leading Brands Inc
LBRDA,Liberty Broadbandration
LBRDK,Liberty Broadbandration
LBTYA,Liberty Global plc
LBTYB,Liberty Global plc
LBTYK,Liberty Global plc
LCA,Landcadia Holdings 
LCAHU,Landcadia Holdings 
LCAHW,Landcadia Holdings 
LCNB,LCNBration
LCUT,Lifetime Brands 
LDRI,PowerShares LadderRite 0-5 Yearrate Bond Portfolio
LE,Lands' End 
LECO,Lincoln Electric Holdings 
LEDS,SemiLEDSration
LENS,Presbia PLC
LEXEA,Liberty Expedia Holdings 
LEXEB,Liberty Expedia Holdings 
LFUS,Littelfuse 
LFVN,Lifevantageration
LGCY,Legacy Reserves LP
LGCYO,Legacy Reserves LP
LGCYP,Legacy Reserves LP
LGIH,LGI Homes 
LGND,Ligand Pharmaceuticals rporated
LHCG,LHC Group
LIFE,aTyr Pharma 
LILA,Liberty Global plc
LILAK,Liberty Global plc
LINC,Lincoln Educational Servicesration
LIND,Lindblad Expeditions Holdings 
LINDW,Lindblad Expeditions Holdings 
LINK,Interlink Electronics 
LINU,LiNiu Technology Group
LION,Fidelity Southernration
LITE,Lumentum Holdings 
LIVE,Live Ventures rporated
LIVN,LivaNova PLC
LJPC,La Jolla Pharmaceutical Company
LKFN,Lakeland Financialration
LKOR,FlexShares Credit-Scored US Longrate Bond Index Fund
LKQ,LKQration
LLIT,Lianluo Smart
LLNW,Limelight Networks 
LMAT,LeMaitre Vascular 
LMB,Limbach Holdings 
LMBS,First Trust Low Duration Opportunities ETF
LMFA,LM Funding America 
LMFAW,LM Funding America 
LMNR,Limoneira Co
LMNX,Luminexration
LMOS,Lumos Networks
LMRK,Landmark Infrastructure Partners LP
LMRKO,Landmark Infrastructure Partners LP
LMRKP,Landmark Infrastructure Partners LP
LNCE,Snyder's-Lance 
LNDC,Landecration
LNGR,Global X Longevity Thematic ETF
LNTH,Lantheus Holdings 
LOAN,Manhattan Bridge Capital Inc
LOB,Live Oak Bancshares 
LOCO,El Pollo Loco Holdings 
LOGI,Logitech International S.A.
LOGM,LogMeIn 
LONE,Lonestar Resources US 
LOPE,Grand Canyon Education 
LORL,Loral Space and Communications 
LOXO,Loxo Oncology 
LPCN,Lipocine 
LPLA,LPL Financial Holdings 
LPNT,LifePoint Health 
LPSN,LivePerson 
LPTH,LightPath Technologies 
LPTX,Leap Therapeutics 
LQDT,Liquidity Services 
LRAD,LRADration
LRCX,Lam Researchration
LRGE,ClearBridge Large Cap Growth ESG ETF
LSBK,Lake Shore Bancorp 
LSCC,Lattice Semiconductorration
LSTR,Landstar System 
LSXMA,Liberty Mediaration
LSXMB,Liberty Mediaration
LSXMK,Liberty Mediaration
LTBR,Lightbridgeration
LTEA,Long Island Iced Tea
LTRPA,Liberty TripAdvisor Holdings 
LTRPB,Liberty TripAdvisor Holdings 
LTRX,Lantronix 
LTXB,LegacyTexas Financial Group 
LULU,lululemon athletica 
LUNA,Luna Innovations rporated
LVHD,Legg Mason Low Volatility High Dividend ETF
LVNTA,Liberty Interactiveration
LVNTB,Liberty Interactiveration
LWAY,Lifeway Foods 
LXRX,Lexicon Pharmaceuticals 
LYTS,LSI Industries 
MACK,Merrimack Pharmaceuticals 
MACQ,M I Acquisitions 
MACQU,M I Acquisitions 
MACQW,M I Acquisitions 
MAGS,Magal Security Systems
MAMS,MAM Software Group 
MANH,Manhattan Associates 
MANT,ManTech Internationalration
MAR,Marriott International
MARA,Marathon Patent Group 
MARK,Remark Holdings 
MARPS,Marine Petroleum Trust
MASI,Masimoration
MAT,Mattel 
MATR,Mattersightration
MATW,Matthews Internationalration
MAYS,J. W. Mays 
MB,MINDBODY 
MBB,iShares MBS ETF
MBCN,Middlefield Banc
MBFI,MB Financial 
MBFIP,MB Financial 
MBII,Marrone Bio Innovations 
MBIO,Mustang Bio 
MBOT,Microbot Medical 
MBRX,Moleculin Biotech 
MBSD,FlexShares Disciplined Duration MBS Index Fund
MBTF,M B T Financial Corp
MBUU,Malibu Boats 
MBVX,MabVax Therapeutics Holdings 
MBWM,Mercantile Bankration
MCBC,Macatawa Bankration
MCEF,First Trust Municipal CEF me Opportunity ETF
MCEP,Mid-Con Energy Partners LP
MCFT,MCBC Holdings 
MCHI,iShares MSCI China ETF
MCHP,Microchip Technology rporated
MCHX,Marchex 
MCRB,Seres Therapeutics 
MCRI,Monarch Casino & Resort 
MDCA,MDC Partners 
MDCO,The Medicines Company
MDGL,Madrigal Pharmaceuticals 
MDGS,Medigus
MDIV,First Trust Multi-Asset Diversified me Index Fund
MDLZ,Mondelez International 
MDRX,Allscripts Healthcare Solutions 
MDSO,Medidata Solutions 
MDVX,Medovex
MDVXW,Medovex
MDWD,MediWound
MDXG,MiMedx Group Inc
MEDP,Medpace Holdings 
MEET,The Meet Group 
MEIP,MEI Pharma 
MELI,MercadoLibre 
MELR,Melrose Bancorp 
MEOH,Methanexration
MERC,Mercer International 
MESO,Mesoblast
METC,Ramaco Resources 
MFIN,Medallion Financial
MFINL,Medallion Financial
MFNC,Mackinac Financialration
MFSF,MutualFirst Financial 
MGCD,MGC Diagnosticsration
MGEE,MGE Energy 
MGEN,Miragen Therapeutics 
MGI,Moneygram International 
MGIC,Magic Software Enterprises
MGLN,Magellan Health 
MGNX,MacroGenics 
MGPI,MGP Ingredients 
MGRC,McGrath RentCorp
MGYR,Magyar Bancorp 
MHLD,Maiden Holdings
MICT,Micronet Enertec Technologies 
MICTW,Micronet Enertec Technologies 
MIDD,The Middlebyration
MIII,M III Acquisition
MIIIU,M III Acquisition
MIIIW,M III Acquisition
MIK,The Michaels Companies 
MILN,Global X Millennials Thematic ETF
MIME,Mimecast
MIND,Mitcham Industries 
MINDP,Mitcham Industries 
MINI,Mobile Mini 
MITK,Mitek Systems 
MITL,Mitel Networksration
MKSI,MKS Instruments 
MKTX,MarketAxess Holdings 
MLAB,Mesa Laboratories 
MLCO,Melco Resorts & Entertainment
MLHR,Herman Miller 
MLNK,ModusLink Global Solutions Inc
MLNX,Mellanox Technologies
MLVF,Malvern Bancorp 
MMAC,MMA Capital Management LLC
MMDM,Modern Media Acquisition
MMDMR,Modern Media Acquisition
MMDMU,Modern Media Acquisition
MMDMW,Modern Media Acquisition
MMLP,Martin Midstream Partners L.P.
MMSI,Merit Medical Systems 
MMYT,MakeMyTrip
MNDO,MIND C.T.I.
MNGA,MagneGasration
MNKD,MannKindration
MNOV,MediciNova 
MNRO,Monro 
MNST,Monster Beverageration
MNTA,Momenta Pharmaceuticals 
MNTX,Manitex International 
MOBL,MobileIron 
MOFG,MidWestOne Financial Group 
MOGLC,Gabelli NextShares Trust
MOMO,Momo 
MORN,Morningstar 
MOSY,MoSys 
MOXC,Moxian 
MPAA,Motorcar Parts of America 
MPAC,Matlin & Partners Acquisitionration
MPACU,Matlin & Partners Acquisitionration
MPACW,Matlin & Partners Acquisitionration
MPB,Mid Penn Bancorp
MPCT,iShares MSCI Global Impact ETF
MPVD,Mountain Province Diamonds 
MPWR,Monolithic Power Systems 
MRAM,Everspin Technologies 
MRCC,Monroe Capitalration
MRCY,Mercury Systems Inc
MRDN,Meridian Waste Solutions Inc
MRDNW,Meridian Waste Solutions Inc
MRLN,Marlin Business Services
MRNS,Marinus Pharmaceuticals 
MRSN,Mersana Therapeutics 
MRTN,Marten Transport
MRTX,Mirati Therapeutics 
MRUS,Merus N.V.
MRVL,Marvell Technology Group
MSBF,MSB Financial
MSBI,Midland States Bancorp 
MSCC,Microsemiration
MSDI,Monster Digital 
MSDIW,Monster Digital 
MSEX,Middlesex Water Company
MSFG,MainSource Financial Group 
MSFT,Microsoftration
MSON,MISONIX 
MSTR,MicroStrategy rporated
MTBC,Medical Transcription Billing
MTBCP,Medical Transcription Billing
MTCH,Match Group 
MTEM,Molecular Templates 
MTEX,Mannatech rporated
MTFB,Motif Bio plc
MTFBW,Motif Bio plc
MTGE,MTGE Investment
MTGEP,MTGE Investment
MTLS,Materialise NV
MTP,Midatech Pharma PLC
MTRX,Matrix Service Company
MTSC,MTS Systemsration
MTSI,MACOM Technology Solutions Holdings 
MTSL,MER Telemanagement Solutions
MU,Micron Technology 
MVIS,Microvision 
MXIM,Maxim Integrated Products 
MXPT,MaxPoint Interactive 
MXWL,Maxwell Technologies 
MYGN,Myriad Genetics 
MYL,Mylan N.V.
MYND,MYnd Analytics 
MYNDW,MYnd Analytics 
MYOK,MyoKardia 
MYOS,MYOS RENS Technology 
MYRG,MYR Group 
MYSZ,My Size 
MZOR,Mazor Robotics
NAII,Natural Alternatives International 
NAKD,Naked Brand Group 
NANO,Nanometrics rporated
NATH,Nathan's Famous 
NATI,National Instrumentsration
NATR,Nature's Sunshine Products 
NAUH,National American University Holdings 
NAVG,The Navigators Group 
NAVI,Navientration
NBEV,New Age Beveragesration
NBIX,Neurocrine Biosciences 
NBN,Northeast Bancorp
NBRV,Nabriva Therapeutics plc
NBTB,NBT Bancorp 
NCBS,Nicolet Bankshares 
NCLH,Norwegian Cruise Line Holdings
NCMI,National CineMedia 
NCOM,National Commerceration
NCSM,NCS Multistage Holdings 
NCTY,The9
NDAQ,Nasdaq 
NDLS,Noodles & Company
NDRA,ENDRA Life Sciences 
NDRAW,ENDRA Life Sciences 
NDRM,NeuroDerm
NDSN,Nordsonration
NEO,NeoGenomics 
NEOG,Neogenration
NEON,Neonode 
NEOS,Neos Therapeutics 
NEOT,Neothetics 
NEPT,Neptune Technologies & Bioresources Inc
NERV,Minerva Neurosciences Inc
NESR,National Energy Services Reunited
NESRW,National Energy Services Reunited
NETE,Net Element 
NEWA,Newater Technology 
NEWS,NewStar Financial 
NEWT,Newtek Business Services
NEWTL,Newtek Business Services
NEWTZ,Newtek Business Services
NEXT,NextDecaderation
NEXTW,NextDecaderation
NFBK,Northfield Bancorp 
NFEC,NF Energy Savingration
NFLX,Netflix 
NGHC,National General Holdings Corp
NGHCN,National General Holdings Corp
NGHCO,National General Holdings Corp
NGHCP,National General Holdings Corp
NGHCZ,National General Holdings Corp
NH,NantHealth 
NHLD,National Holdingsration
NHLDW,National Holdingsration
NHTC,Natural Health Trends
NICE,NICE Ltd
NICK,Nicholas Financial 
NIHD,NII Holdings 
NK,NantKwest 
NKSH,National Bankshares 
NKTR,Nektar Therapeutics
NLNK,NewLink Geneticsration
NLST,Netlist 
NMIH,NMI Holdings Inc
NMRX,Numerex
NNBR,NN 
NNDM,Nano Dimension
NODK,NI Holdings 
NOVN,Novan 
NOVT,Novanta 
NRCIA,National Researchration
NRCIB,National Researchration
NRIM,Northrim BanCorp Inc
NSEC,National Security Group 
NSIT,Insight Enterprises 
NSSC,NAPCO Security Technologies 
NSTG,NanoString Technologies 
NSYS,Nortech Systems rporated
NTAP,NetApp 
NTCT,NetScout Systems 
NTEC,Intec Pharma
NTES,NetEase 
NTGR,NETGEAR 
NTIC,Northern Technologies Internationalration
NTLA,Intellia Therapeutics 
NTNX,Nutanix 
NTRA,Natera 
NTRI,NutriSystem Inc
NTRP,Neurotrope 
NTRS,Northern Trustration
NTRSP,Northern Trustration
NTWK,NETSOL Technologies 
NUAN,Nuance Communications 
NURO,NeuroMetrix 
NUROW,NeuroMetrix 
NUVA,NuVasive 
NVAX,Novavax 
NVCN,Neovasc 
NVCR,NovoCure
NVDA,NVIDIAration
NVEC,NVEration
NVEE,NV5 Global 
NVFY,Nova Lifestyle Inc
NVGN,Novogen
NVIV,InVivo Therapeutics Holdings
NVLN,Novelion Therapeutics 
NVMI,Nova Measuring Instruments
NVTR,Nuvectraration
NVUS,Novus Therapeutics 
NWBI,Northwest Bancshares 
NWFL,Norwood Financial
NWLI,National Western Life Group 
NWPX,Northwest Pipe Company
NWS,Newsration
NWSA,Newsration
NXEO,Nexeo Solutions 
NXEOU,Nexeo Solutions 
NXEOW,Nexeo Solutions 
NXPI,NXP Semiconductors N.V.
NXST,Nexstar Media Group 
NXTD,NXT-ID 
NXTDW,NXT-ID 
NXTM,NxStage Medical 
NYMT,New York Mortgage Trust 
NYMTO,New York Mortgage Trust 
NYMTP,New York Mortgage Trust 
NYMX,Nymox Pharmaceuticalration
NYNY,Empire Resorts 
OACQ,Origo Acquisitionration
OACQR,Origo Acquisitionration
OACQU,Origo Acquisitionration
OACQW,Origo Acquisitionration
OASM,Oasmia Pharmaceutical AB
OBAS,Optibase
OBCI,Ocean Bio-Chem 
OBLN,Obalon Therapeutics 
OBSV,ObsEva SA
OCC,Optical Cableration
OCFC,OceanFirst Financial
OCLR,Oclaro 
OCRX,Ocera Therapeutics 
OCUL,Ocular Therapeutix 
ODFL,Old Dominion Freight Line 
ODP,Office Depot 
OESX,Orion Energy Systems 
OFED,Oconee Federal Financial
OFIX,Orthofix International N.V.
OFLX,Omega Flex 
OFS,OFS Capitalration
OHAI,OHA Investmentration
OHGI,One Horizon Group 
OHRP,Ohr Pharmaceuticals 
OIIM,O2Micro International
OKSB,Southwest Bancorp 
OKTA,Okta 
OLBK,Old Line Bancshares 
OLD,The Long-Term Care ETF
OLED,Universal Displayration
OLLI,Ollie's Bargain Outlet Holdings 
OMAB,Grupo Aeroportuario del Centro Norte S.A.B. de C.V.
OMCL,Omnicell 
OMED,OncoMed Pharmaceuticals 
OMER,Omerosration
OMEX,Odyssey Marine Exploration 
OMNT,Ominto 
ON,ON Semiconductorration
ONB,Old National Bancorp
ONCE,Spark Therapeutics 
ONCS,OncoSec Medical rporated
ONEQ,Fidelity Nasdaq Composite Index Tracking Stock
ONS,Oncobiologics 
ONSIW,Oncobiologics 
ONSIZ,Oncobiologics 
ONTX,Onconova Therapeutics 
ONTXW,Onconova Therapeutics 
ONVI,Onvia 
ONVO,Organovo Holdings 
OPB,Opus Bank
OPGN,OpGen 
OPGNW,OpGen 
OPHC,OptimumBank Holdings 
OPHT,Ophthotechration
OPK,Opko Health 
OPNT,Opiant Pharmaceuticals 
OPOF,Old Point Financialration
OPTT,Ocean Power Technologies 
ORBC,ORBCOMM 
ORBK,Orbotech
OREX,Orexigen Therapeutics 
ORG,The Organics ETF
ORIG,Ocean Rig UDW 
ORIT,Oritani Financial
ORLY,O'Reilly Automotive 
ORMP,Oramed Pharmaceuticals 
ORPN,Bioblast Pharma
ORRF,Orrstown Financial Services Inc
OSBC,Old Second Bancorp 
OSBCP,Old Second Bancorp 
OSIS,OSI Systems 
OSN,Ossen Innovation Co.
OSPR,Osprey Energy Acquisition
OSPRU,Osprey Energy Acquisition
OSPRW,Osprey Energy Acquisition
OSTK,Overstock.com 
OSUR,OraSure Technologies 
OTEL,Otelco 
OTEX,Open Textration
OTIC,Otonomy 
OTIV,On Track Innovations Ltd
OTTR,Otter Tailration
OTTW,Ottawa Bancorp 
OVAS,OvaScience 
OVBC,Ohio Valley Banc
OVID,Ovid Therapeutics 
OVLY,Oak Valley Bancorp (CA)
OXBR,Oxbridge Re Holdings
OXBRW,Oxbridge Re Holdings
OXFD,Oxford Immunotec Global PLC
OXLC,Oxford Lane Capital
OXLCM,Oxford Lane Capital
OXLCO,Oxford Lane Capital
OZRK,Bank of the Ozarks
PAAS,Pan American Silver
PACB,Pacific Biosciences of California 
PACW,PacWest Bancorp
PAGG,PowerShares Global Agriculture Portfolio
PAHC,Phibro Animal Healthration
PANL,Pangaea Logistics Solutions
PATI,Patriot Transportation Holding 
PATK,Patrick Industries 
PAVM,PAVmed 
PAVMW,PAVmed 
PAYX,Paychex 
PBBI,PB Bancorp 
PBCT,People's United Financial 
PBCTP,People's United Financial 
PBHC,Pathfinder Bancorp 
PBIB,Porter Bancorp 
PBIP,Prudential Bancorp 
PBMD,Prima BioMed Ltd
PBNC,Paragon Commercialration
PBPB,Potbellyration
PBSK,Poage Bankshares 
PBYI,Puma Biotechnology Inc
PCAR,PACCAR 
PCBK,Pacific Continentalration (Ore)
PCH,Potlatchration
PCLN,The Priceline Group 
PCMI,PCM 
PCO,Pendrellration
PCOM,Points International
PCRX,Pacira Pharmaceuticals 
PCSB,PCSB Financialration
PCTI,PC-Tel 
PCTY,Paylocity Holdingration
PCYG,Park City Group 
PCYO,Pure Cycleration
PDBC,PowerShares Optimum Yield Diversified Commodity Strategy No K-1 Portfolio
PDCE,PDC Energy 
PDCO,Patterson Companies 
PDEX,Pro-Dex 
PDFS,PDF Solutions 
PDLI,PDL BioPharma 
PDP,PowerShares DWA Momentum Portfolio
PDVW,pdvWireless 
PEBK,Peoples Bancorp of North Carolina 
PEBO,Peoples Bancorp 
PEGA,Pegasystems 
PEGI,Pattern Energy Group 
PEIX,Pacific Ethanol 
PENN,Penn National Gaming 
PERF,Perfumania Holdings Inc
PERI,Perion Network Ltd
PERY,Perry Ellis International 
PESI,Perma-Fix Environmental Services 
PETQ,PetIQ 
PETS,PetMed Express 
PETX,Aratana Therapeutics 
PETZ,TDH Holdings 
PEY,PowerShares High Yield Equity Dividend Achievers Portfolio
PEZ,PowerShares DWA Consumer Cyclicals Momentum Portfolio
PFBC,Preferred Bank
PFBI,Premier Financial Bancorp 
PFBX,Peoples Financialration
PFF,iShares U.S. Preferred Stock ETF
PFI,PowerShares DWA Financial Momentum Portfolio
PFIE,Profire Energy 
PFIN,P & F Industries 
PFIS,Peoples Financial Services
PFLT,PennantPark Floating Rate Capital
PFM,PowerShares Dividend Achievers Portfolio
PFMT,Performant Financialration
PFPT,Proofpoint 
PFSW,PFSweb 
PGC,Peapack-Gladstone Financialration
PGJ,PowerShares Golden Dragon China Portfolio
PGLC,Pershing Goldration
PGNX,Progenics Pharmaceuticals 
PHII,PHI 
PHIIK,PHI 
PHO,PowerShares Water Resources Portfolio
PI,Impinj 
PICO,PICO Holdings 
PID,PowerShares International Dividend Achievers Portfolio
PIE,PowerShares DWA Emerging Markets Momentum Portfolio
PIH,1347 Property Insurance Holdings 
PINC,Premier 
PIO,PowerShares Global Water Portfolio
PIRS,Pieris Pharmaceuticals 
PIXY,ShiftPixy 
PIZ,PowerShares DWA Developed Markets Momentum Portfolio
PKBK,Parke Bancorp 
PKOH,Park-Ohio Holdings
PKW,PowerShares BuyBack Achievers Portfolio
PLAB,Photronics 
PLAY,Dave & Buster's Entertainment 
PLBC,Plumas Bancorp
PLCE,Children's Place  (The)
PLPC,Preformed Line Products Company
PLPM,Planet Payment 
PLSE,Pulse Biosciences Inc
PLUG,Plug Power 
PLUS,ePlus 
PLW,PowerShares 1-30 Laddered Treasury Portfolio
PLXP,PLx Pharma 
PLXS,Plexus
PLYA,Playa Hotels & Resorts N.V.
PMBC,Pacific Mercantile Bancorp
PMD,Psychemedicsration
PME,Pingtan Marine Enterprise
PMPT,iSectors Post-MPT Growth ETF
PMTS,CPI Card Group 
PNBK,Patriot National Bancorp 
PNFP,Pinnacle Financial Partners 
PNK,Pinnacle Entertainment 
PNNT,PennantPark Investmentration
PNQI,PowerShares Nasdaq Internet Portfolio
PNRG,PrimeEnergyration
PNTR,Pointer Telocation
PODD,Insuletration
POLA,Polar Power 
POOL,Poolration
POPE,Pope Resources
POWI,Power Integrations 
POWL,Powell Industries 
PPBI,Pacific Premier Bancorp Inc
PPC,Pilgrim's Prideration
PPH,VanEck Vectors Pharmaceutical ETF
PPHM,Peregrine Pharmaceuticals 
PPHMP,Peregrine Pharmaceuticals 
PPIH,Perma-Pipe International Holdings 
PPSI,Pioneer Power Solutions 
PRAA,PRA Group 
PRAH,PRA Health Sciences 
PRAN,Prana Biotechnology Ltd
PRCP,Perceptron 
PRFT,Perficient 
PRFZ,PowerShares FTSE RAFI US 1500 Small-Mid Portfolio
PRGS,Progress Softwareration
PRGX,PRGX Global 
PRIM,Primoris Servicesration
PRKR,ParkerVision 
PRMW,Primo Waterration
PRN,PowerShares DWA Industrials Momentum Portfolio
PROV,Provident Financial Holdings 
PRPH,ProPhase Labs 
PRPO,Precipio 
PRQR,ProQR Therapeutics N.V.
PRSC,The Providence Serviceration
PRSS,CafePress 
PRTA,Prothenaration plc
PRTK,Paratek Pharmaceuticals 
PRTO,Proteon Therapeutics 
PRTS,U.S. Auto Parts Network 
PRXL,PAREXEL Internationalration
PSAU,PowerShares Global Gold & Precious Metals Portfolio
PSC,Principal U.S. Small Cap Index ETF
PSCC,PowerShares S&P SmallCap Consumer Staples Portfolio
PSCD,PowerShares S&P SmallCap Consumer Discretionary Portfolio
PSCE,PowerShares S&P SmallCap Energy Portfolio
PSCF,PowerShares S&P SmallCap Financials Portfolio
PSCH,PowerShares S&P SmallCap Health Care Portfolio
PSCI,PowerShares S&P SmallCap Industrials Portfolio
PSCM,PowerShares S&P SmallCap Materials Portfolio
PSCT,PowerShares S&P SmallCap Information Technology Portfolio
PSCU,PowerShares S&P SmallCap Utilities Portfolio
PSDO,Presidio 
PSDV,pSivida
PSEC,Prospect Capitalration
PSET,Principal Price Setters Index ETF
PSL,PowerShares DWA Consumer Staples Momentum Portfolio
PSMT,PriceSmart 
PSTB,Park Sterlingration
PSTI,Pluristem Therapeutics 
PTC,PTC 
PTCT,PTC Therapeutics 
PTEN,Patterson-UTI Energy 
PTF,PowerShares DWA Technology Momenum Portfolio
PTGX,Protagonist Therapeutics 
PTH,PowerShares DWA Healthcare Momentum Portfolio
PTI,Proteostasis Therapeutics 
PTIE,Pain Therapeutics 
PTLA,Portola Pharmaceuticals 
PTNR,Partner Communications Company
PTSI,P.A.M. Transportation Services 
PTX,Pernix Therapeutics Holdings 
PUB,People's Utah Bancorp
PUI,PowerShares DWA Utilities Momentum Portfolio
PULM,Pulmatrix 
PVAC,Penn Virginiaration
PVBC,Provident Bancorp 
PWOD,Penns Woods Bancorp 
PXI,PowerShares DWA Energy Momentum Portfolio
PXLW,Pixelworks 
PXS,Pyxis Tankers 
PY,Principal Shareholder Yield Index ETF
PYDS,Payment Data Systems 
PYPL,PayPal Holdings 
PYZ,PowerShares DWA Basic Materials Momentum Portfolio
PZRX,PhaseRx 
PZZA,Papa John's International 
QABA,First Trust NASDAQ ABA Community Bank Index Fund
QADA,QAD 
QADB,QAD 
QAT,iShares MSCI Qatar Capped ETF
QBAK,Qualstarration
QCLN,First Trust NASDAQ Clean Edge Green Energy Index Fund
QCOM,QUALCOMM rporated
QCRH,QCR Holdings 
QDEL,Quidelration
QGEN,Qiagen N.V.
QINC,First Trust RBA Quality me ETF
QIWI,QIWI plc
QLC,FlexShares US Quality Large Cap Index Fund
QLYS,Qualys 
QNST,QuinStreet 
QQEW,First Trust NASDAQ-100 Equal Weighted Index Fund
QQQ,PowerShares QQQ Trust Series 1
QQQC,Global X NASDAQ China Technology ETF
QQQX,Nuveen NASDAQ 100 Dynamic Overwrite Fund
QQXT,First Trust NASDAQ-100 Ex-Technology Sector Index Fund
QRHC,Quest Resource Holdingration.
QRVO,Qorvo 
QSII,Quality Systems 
QTEC,First Trust NASDAQ-100- Technology Index Fund
QTNA,Quantenna Communications 
QTNT,Quotient
QTRH,Quarterhill 
QUIK,QuickLogicration
QUMU,Qumuration
QURE,uniQure N.V.
QVCA,Liberty Interactiveration
QVCB,Liberty Interactiveration
QYLD,Horizons NASDAQ-100 Covered Call ETF
RADA,RADA Electronic Industries
RAIL,Freightcar America 
RAND,Rand Capitalration
RARE,Ultragenyx Pharmaceutical 
RARX,Ra Pharmaceuticals 
RAVE,Rave Restaurant Group 
RAVN,Raven Industries 
RBB,RBB Bancorp
RBCAA,Republic Bancorp 
RBCN,Rubicon Technology 
RBPAA,Royal Bancshares of Pennsylvania 
RCII,Rent-A-Center 
RCKY,Rocky Brands 
RCM,R1 RCM 
RCMT,RCM Technologies 
RCON,Recon Technology
RDCM,Radcom
RDFN,Redfinration
RDHL,Redhill Biopharma
RDI,Reading International Inc
RDIB,Reading International Inc
RDNT,RadNet 
RDUS,Radius Health 
RDVY,First Trust Rising Dividend Achievers ETF
RDWR,Radware
RECN,Resources Connection 
REFR,Research Frontiers rporated
REGI,Renewable Energy Group 
REGN,Regeneron Pharmaceuticals 
REIS,Reis Inc
RELL,Richardson Electronics
RELV,Reliv' International 
RELY,Real Industry 
REPH,Recro Pharma 
RESN,Resonant 
RETA,Reata Pharmaceuticals 
REXX,Rex Energyration
RFAP,First Trust RiverFront Dynamic Asia Pacific ETF
RFDI,First Trust RiverFront Dynamic Developed International ETF
RFEM,First Trust RiverFront Dynamic Emerging Markets ETF
RFEU,First Trust RiverFront Dynamic Europe ETF
RFIL,RF Industries
RGCO,RGC Resources 
RGEN,Repligenration
RGLD,Royal Gold 
RGLS,Regulus Therapeutics 
RGNX,REGENXBIO 
RGSE,Real Goods Solar 
RIBT,RiceBran Technologies
RIBTW,RiceBran Technologies
RICK,RCI Hospitality Holdings 
RIGL,Rigel Pharmaceuticals 
RILY,B. Riley Financial 
RILYL,B. Riley Financial 
RILYZ,B. Riley Financial 
RING,iShares MSCI Global Gold Miners ETF
RKDA,Arcadia Biosciences 
RLJE,RLJ Entertainment 
RLOG,Rand Logistics 
RMBS,Rambus 
RMCF,Rocky Mountain Chocolate Factory 
RMGN,RMG Networks Holdingration
RMR,The RMR Group 
RMTI,Rockwell Medical 
RNDB,Randolph Bancorp 
RNDM,First Trust Developed International Equity Select ETF
RNDV,First Trust US Equity Dividend Select ETF
RNEM,First Trust Emerging Markets Equity Select ETF
RNET,RigNet 
RNLC,First Trust Large Cap US Equity Select ETF
RNMC,First Trust Mid Cap US Equity Select ETF
RNSC,First Trust Small Cap US Equity Select ETF
RNST,Renasantration
RNVA,Rennova Health 
RNVAZ,Rennova Health 
RNWK,RealNetworks 
ROBO,ROBO Global Robotics and Automation Index ETF
ROCK,Gibraltar Industries 
ROIC,Retail Opportunity Investments
ROKA,Roka Bioscience 
ROLL,RBC Bearings rporated
ROSE,Rosehill Resources 
ROSEU,Rosehill Resources 
ROSEW,Rosehill Resources 
ROSG,Rosetta Genomics
ROST,Ross Stores 
RP,RealPage 
RPD,Rapid7 
RPRX,Repros Therapeutics 
RPXC,RPXration
RRGB,Red Robin Gourmet Burgers 
RRR,Red Rock Resorts 
RSYS,RadiSysration
RTIX,RTI Surgical 
RTK,Rentech 
RTNB,root9B Holdings 
RTRX,Retrophin 
RTTR,Ritter Pharmaceuticals 
RUN,Sunrun 
RUSHA,Rush Enterprises 
RUSHB,Rush Enterprises 
RUTH,Ruth's Hospitality Group 
RVEN,Reven Housing REIT 
RVLT,Revolution Lighting Technologies 
RVNC,Revance Therapeutics 
RVSB,Riverview Bancorp Inc
RWLK,ReWalk Robotics Ltd
RXDX,Ignyta 
RXII,RXi Pharmaceuticalsration
RXIIW,RXi Pharmaceuticalsration
RYAAY,Ryanair Holdings plc
SABR,Sabreration
SAEX,SAExploration Holdings 
SAFM,Sanderson Farms 
SAFT,Safety Insurance Group 
SAGE,Sage Therapeutics 
SAIA,Saia 
SAL,Salisbury Bancorp 
SALM,Salem Media Group 
SAMG,Silvercrest Asset Management Group 
SANM,Sanminaration
SANW,S&W Seed Company
SASR,Sandy Spring Bancorp 
SATS,EchoStarration
SAUC,Diversified Restaurant Holdings 
SAVE,Spirit Airlines 
SBAC,SBA Communicationsration
SBBP,Strongbridge Biopharma plc
SBBX,Sussex Bancorp
SBCF,Seacoast Bankingration of Florida
SBCP,Sunshine Bancorp 
SBFG,SB Financial Group 
SBFGP,SB Financial Group 
SBGI,Sinclair Broadcast Group 
SBLK,Star Bulk Carriers
SBLKL,Star Bulk Carriers
SBNY,Signature Bank
SBNYW,Signature Bank
SBOT,Stellar Biotechnologies 
SBPH,Spring Bank Pharmaceuticals 
SBRA,Sabra Healthcare REIT 
SBRAP,Sabra Healthcare REIT 
SBSI,Southside Bancshares 
SBUX,Starbucksration
SCAC,Saban Capital Acquisition
SCACU,Saban Capital Acquisition
SCACW,Saban Capital Acquisition
SCHL,Scholasticration
SCHN,Schnitzer Steel Industries 
SCKT,Socket Mobile 
SCLN,SciClone Pharmaceuticals 
SCMP,Sucampo Pharmaceuticals 
SCON,Superconductor Technologies 
SCSC,ScanSource 
SCSS,Select Comfortration
SCVL,Shoe Carnival 
SCWX,SecureWorks
SCYX,SCYNEXIS 
SCZ,iShares MSCI EAFE Small-Cap ETF
SEAC,SeaChange International 
SECO,Secoo Holding
SEDG,SolarEdge Technologies 
SEED,Origin Agritech
SEIC,SEI Investments Company
SELB,Selecta Biosciences 
SELF,Global Self Storage 
SENEA,Seneca Foods
SENEB,Seneca Foods
SEV,Sevcon 
SFBC,Sound Financial Bancorp 
SFBS,ServisFirst Bancshares 
SFLY,Shutterfly 
SFM,Sprouts Farmers Market 
SFNC,Simmons First Nationalration
SFST,Southern First Bancshares 
SGBK,Stonegate Bank
SGBX,SG Blocks 
SGC,Superior Uniform Group 
SGEN,Seattle Genetics 
SGH,SMART Global Holdings 
SGLB,Sigma Labs 
SGLBW,Sigma Labs 
SGMA,SigmaTron International 
SGMO,Sangamo Therapeutics 
SGMS,Scientific Games Corp
SGOC,SGOCO Group Ltd
SGQI,Janus Henderson SG Global Quality me ETF
SGRP,SPAR Group 
SGRY,Surgery Partners 
SGYP,Synergy Pharmaceuticals 
SHBI,Shore Bancshares Inc
SHEN,Shenandoah Telecommunications Co
SHIP,Seanergy Maritime Holdings Corp
SHIPW,Seanergy Maritime Holdings Corp
SHLD,Sears Holdingsration
SHLDW,Sears Holdingsration
SHLM,A. Schulman 
SHLO,Shiloh Industries 
SHOO,Steven Madden
SHOR,ShoreTel 
SHOS,Sears Hometown and Outlet Stores 
SHPG,Shire plc
SHSP,SharpSpring 
SHV,iShares Short Treasury Bond ETF
SHY,iShares 1-3 Year Treasury Bond ETF
SIEB,Siebert Financial
SIEN,Sientra 
SIFI,SI Financial Group 
SIFY,Sify Technologies
SIGI,Selective Insurance Group 
SIGM,Sigma Designs 
SILC,Silicom Ltd
SIMO,Silicon Motion Technologyration
SINA,Sinaration
SINO,Sino-Global Shipping America
SIR,Select me REIT
SIRI,Sirius XM Holdings 
SITO,SITO Mobile
SIVB,SVB Financial Group
SIVBO,SVB Financial Group
SKIS,Peak Resorts 
SKLN,Skyline Medical 
SKOR,FlexShares Credit-Scored USrate Bond Index Fund
SKYS,Sky Solar Holdings
SKYW,SkyWest 
SKYY,First Trust Cloud Computing ETF
SLAB,Silicon Laboratories 
SLCT,Select Bancorp 
SLGN,Silgan Holdings 
SLIM,The Obesity ETF
SLM,SLMration
SLMBP,SLMration
SLNO,Soleno Therapeutics 
SLNOW,Soleno Therapeutics 
SLP,Simulations Plus 
SLQD,iShares 0-5 Year Investment Graderate Bond ETF
SLRC,Solar Capital
SLVO,Credit Suisse AG
SMBC,Southern Missouri Bancorp 
SMBK,SmartFinancial 
SMCI,Super Micro Computer 
SMCP,AlphaMark Actively Managed Small Cap ETF
SMED,Sharps Compliance Corp
SMIT,Schmitt Industries 
SMMF,Summit Financial Group 
SMMT,Summit Therapeutics plc
SMPL,The Simply Good Foods Company
SMPLW,The Simply Good Foods Company
SMRT,Stein Mart 
SMSI,Smith Micro Software 
SMTC,Semtechration
SMTX,SMTCration
SNAK,Inventure Foods 
SNBC,Sun Bancorp 
SNC,State National Companies 
SNCR,Synchronoss Technologies 
SND,Smart Sand 
SNDE,Sundance Energy Australia
SNDX,Syndax Pharmaceuticals 
SNES,SenesTech 
SNFCA,Security National Financialration
SNGX,Soligenix 
SNGXW,Soligenix 
SNH,Senior Housing Properties Trust
SNHNI,Senior Housing Properties Trust
SNHNL,Senior Housing Properties Trust
SNHY,Sun Hydraulicsration
SNI,Scripps Networks Interactive Inc
SNLN,Highland/iBoxx Senior Loan ETF
SNMX,Senomyx 
SNNA,Sienna Biopharmaceuticals 
SNOA,Sonoma Pharmaceuticals 
SNOAW,Sonoma Pharmaceuticals 
SNPS,Synopsys 
SNSR,Global X Internet of Things ETF
SNSS,Sunesis Pharmaceuticals 
SOCL,Global X Social Media ETF
SODA,SodaStream International
SOFO,Sonic Foundry 
SOHO,Sotherly Hotels 
SOHOB,Sotherly Hotels 
SOHOM,Sotherly Hotels LP
SOHU,Sohu.com 
SONA,Southern National Bancorp of Virginia 
SONC,Sonic
SONS,Sonus Networks 
SORL,SORL Auto Parts 
SOXX,iShares PHLX SOX Semiconductor Sector Index Fund
SP,SP Plusration
SPAR,Spartan Motors 
SPCB,SuperCom
SPEX,Spherix rporated
SPHS,Sophiris Bio 
SPI,SPI Energy Co.
SPIL,Siliconware Precision Industries Company
SPKE,Spark Energy 
SPKEP,Spark Energy 
SPLK,Splunk 
SPNE,SeaSpine Holdingsration
SPNS,Sapiens Internationalration N.V.
SPOK,Spok Holdings 
SPPI,Spectrum Pharmaceuticals 
SPRT,Support.com 
SPSC,SPS Commerce 
SPTN,SpartanNash Company
SPWH,Sportsman's Warehouse Holdings 
SPWR,SunPowerration
SQBG,Sequential Brands Group 
SQLV,Legg Mason Small-Cap Quality Value ETF
SQQQ,ProShares UltraPro Short QQQ
SQZZ,Active Alts Contrarian ETF
SRAX,Social Reality 
SRCE,1st Sourceration
SRCL,Stericycle 
SRCLP,Stericycle 
SRDX,Surmodics 
SRET,Global X SuperDividend REIT ETF
SREV,ServiceSource International 
SRNE,Sorrento Therapeutics 
SRPT,Sarepta Therapeutics 
SRRA,Sierra Oncology 
SRTS,Sensus Healthcare 
SRTSW,Sensus Healthcare 
SRUN,Silver Run Acquisitionration II
SRUNU,Silver Run Acquisitionration II
SRUNW,Silver Run Acquisitionration II
SSB,South Stateration
SSBI,Summit State Bank
SSC,Seven Stars Cloud Group 
SSFN,Stewardship Financial Corp
SSKN,Strata Skin Sciences 
SSNC,SS&C Technologies Holdings 
SSNT,SilverSun Technologies 
SSRM,SSR Mining 
SSTI,ShotSpotter 
SSYS,Stratasys
STAA,STAAR Surgical Company
STAF,Staffing 360 Solutions 
STB,Student Transportation Inc
STBA,S&T Bancorp 
STBZ,State Bank Financialration.
STDY,SteadyMed
STFC,State Auto Financialration
STKL,SunOpta 
STKS,The ONE Group Hospitality 
STLD,Steel Dynamics 
STLR,Stellar Acquisition III 
STLRU,Stellar Acquisition III 
STLRW,Stellar Acquisition III 
STLY,Stanley Furniture Company 
STML,Stemline Therapeutics 
STMP,Stamps.com 
STPP,Barclays PLC
STRA,Strayer Education 
STRL,Sterling Construction Company Inc
STRM,Streamline Health Solutions 
STRS,Stratus Properties 
STRT,Strattec Securityration
STX,Seagate Technology PLC
SUMR,Summer Infant 
SUNS,Solar Senior Capital
SUNW,Sunworks 
SUPN,Supernus Pharmaceuticals 
SUSB,iShares ESG 1-5 Year USDrate Bond ETF
SUSC,iShares ESG USDrate Bond ETF
SVA,Sinovac Biotech
SVBI,Severn Bancorp Inc
SVRA,Savara 
SVVC,Firsthand Technology Value Fund 
SWIN,ALPS/Dorsey Wright Sector Momentum ETF
SWIR,Sierra Wireless 
SWKS,Skyworks Solutions 
SYBT,Stock Yards Bancorp 
SYBX,Synlogic 
SYKE,Sykes Enterprises rporated
SYMC,Symantecration
SYMX,Synthesis Energy Systems 
SYNA,Synaptics rporated
SYNC,Synacor 
SYNL,Synalloyration
SYNT,Syntel 
SYPR,Sypris Solutions 
SYRS,Syros Pharmaceuticals 
TA,TravelCenters of America LLC
TACO,Del Taco Restaurants 
TACOW,Del Taco Restaurants 
TACT,TransAct Technologies rporated
TAIT,Taitron Components rporated
TANH,Tantech Holdings
TANNI,TravelCenters of America LLC
TANNL,TravelCenters of America LLC
TANNZ,TravelCenters of America LLC
TAPR,Barclays PLC
TAST,Carrols Restaurant Group 
TATT,TAT Technologies
TAX,Liberty Tax 
TAYD,Taylor Devices 
TBBK,The Bancorp 
TBK,Triumph Bancorp 
TBNK,Territorial Bancorp 
TBPH,Theravance Biopharma 
TCBI,Texas Capital Bancshares 
TCBIL,Texas Capital Bancshares 
TCBIP,Texas Capital Bancshares 
TCBIW,Texas Capital Bancshares 
TCBK,TriCo Bancshares
TCCO,Technical Communicationsration
TCFC,The Community Financialration
TCGP,The Carlyle Group L.P.
TCMD,Tactile Systems Technology 
TCON,TRACON Pharmaceuticals 
TCPC,TCP Capital
TCRD,THL Credit 
TCX,Tucows 
TDIV,First Trust NASDAQ Technology Dividend Index Fund
TEAM,Atlassianration Plc
TEAR,TearLabration
TECD,Tech Dataration
TECH,Bio-Techne Corp
TEDU,Tarena International 
TELL,Tellurian 
TENX,Tenax Therapeutics 
TERP,TerraForm Power 
TESO,Tescoration
TESS,TESSCO Technologies rporated
TFSL,TFS Financialration
TGA,Transglobe Energy Corp
TGEN,Tecogen 
TGLS,Tecnoglass 
TGTX,TG Therapeutics 
THFF,First Financialration Indiana
THRM,Gentherm Inc
THST,Truett-Hurst 
TICC,TICC Capital
TICCL,TICC Capital
TIG,TiGenix
TIL,Till Capital
TILE,Interface 
TIPT,Tiptree 
TISA,Top Image Systems
TITN,Titan Machinery 
TIVO,TiVoration
TLF,Tandy Leather Factory 
TLGT,Teligent 
TLND,Talend S.A.
TLT,iShares 20+ Year Treasury Bond ETF
TMUS,T-Mobile US 
TMUSP,T-Mobile US 
TNAV,Telenav 
TNDM,Tandem Diabetes Care 
TNTR,Tintri 
TNXP,Tonix Pharmaceuticals Holding
TOCA,Tocagen 
TOPS,TOP Ships 
TORM,TOR Minerals International Inc
TOUR,Tuniuration
TOWN,Towne Bank
TPIC,TPI Composites 
TPIV,TapImmune 
TQQQ,ProShares UltraPro QQQ
TRCB,Two River Bancorp
TRCH,Torchlight Energy Resources 
TREE,LendingTree 
TRHC,Tabula Rasa HealthCare 
TRIB,Trinity Biotech plc
TRIL,Trillium Therapeutics 
TRIP,TripAdvisor 
TRMB,Trimble 
TRMK,Trustmarkration
TRMT,Tremont Mortgage Trust
TRNC,tronc 
TRNS,Transcat 
TROV,TrovaGene 
TROW,T. Rowe Price Group 
TRPX,Therapix Biosciences
TRS,TriMasration
TRST,TrustCo BankNY
TRUE,TrueCar 
TRUP,Trupanion 
TRVG,trivago N.V.
TRVN,Trevena 
TSBK,Timberland Bancorp 
TSC,TriState Capital Holdings 
TSCO,Tractor Supply Company
TSEM,Tower Semiconductor
TSG,The Stars Group 
TSLA,Tesla 
TSRI,TSR 
TSRO,TESARO 
TST,TheStreet 
TTD,The Trade Desk 
TTEC,TeleTech Holdings 
TTEK,Tetra Tech 
TTGT,TechTarget 
TTMI,TTM Technologies 
TTNP,Titan Pharmaceuticals 
TTOO,T2 Biosystems 
TTPH,Tetraphase Pharmaceuticals 
TTS,Tile Shop Hldgs 
TTWO,Take-Two Interactive Software 
TUES,Tuesday Morning
TUR,iShares MSCI Turkey ETF
TURN,180 Degree Capital
TUSA,First Trust Total US Market AlphaDEX ETF
TUSK,Mammoth Energy Services 
TVIX,Credit Suisse AG
TVIZ,Credit Suisse AG
TVTY,Tivity Health 
TWIN,Twin Disc rporated
TWMC,Trans World Entertainment
TWNK,Hostess Brands 
TWNKW,Hostess Brands 
TWOU,2U 
TXN,Texas Instruments rporated
TXRH,Texas Roadhouse 
TYHT,Shineco 
TYME,Tyme Technologies 
TYPE,Monotype Imaging Holdings 
TZOO,Travelzoo
UAE,iShares MSCI UAE Capped ETF
UBCP,United Bancorp 
UBFO,United Security Bancshares
UBIO,Proshares UltraPro Nasdaq Biotechnology
UBNK,United Financial Bancorp 
UBNT,Ubiquiti Networks 
UBOH,United Bancshares 
UBSH,Union Banksharesration
UBSI,United Bankshares 
UCBA,United Community Bancorp
UCBI,United Community Banks 
UCFC,United Community Financial
UCTT,Ultra Clean Holdings 
UDBI,Legg Mason US Diversified Core ETF
UEIC,Universal Electronics 
UEPS,Net 1 UEPS Technologies 
UFCS,United Fire Group Inc
UFPI,Universal Forest Products 
UFPT,UFP Technologies 
UG,United-Guardian 
UGLD,Credit Suisse AG
UHAL,Amerco
UIHC,United Insurance Holdings
ULBI,Ultraliferation
ULH,Universal Logistics Holdings 
ULTA,Ulta Beauty 
ULTI,The Ultimate Software Group 
UMBF,UMB Financialration
UMPQ,Umpqua Holdingsration
UNAM,Unico Americanration
UNB,Union Bankshares 
UNFI,United Natural Foods 
UNIT,Uniti Group 
UNTY,Unity Bancorp 
UONE,Urban One 
UONEK,Urban One 
UPL,Ultra Petroleum
UPLD,Upland Software 
URBN,Urban Outfitters 
URGN,UroGen Pharma
USAK,USA Truck 
USAP,Universal Stainless & Alloy Products 
USAT,USA Technologies 
USATP,USA Technologies 
USAU,U.S. Gold
USCR,U S Concrete 
USEG,U.S. Energy
USLB,PowerShares Russell 1000 Low Beta Equal Weight Portfolio
USLM,United States Lime & Minerals 
USLV,Credit Suisse AG
USOI,Credit Suisse AG
UTHR,United Therapeuticsration
UTMD,Utah Medical Products 
UTSI,UTStarcom Holdings Corp
UVSP,Univestration of Pennsylvania
VALU,Value Line 
VALX,Validea Market Legends ETF
VBFC,Village Bank and Trust Financial
VBIV,VBI Vaccines 
VBLT,Vascular Biogenics
VBND,Vident Core U.S. Bond Strategy Fund
VBTX,Veritex Holdings 
VCEL,Vericelration
VCIT,Vanguard Intermediate-Termrate Bond ETF
VCLT,Vanguard Long-Termrate Bond ETF
VCSH,Vanguard Short-Termrate Bond ETF
VCYT,Veracyte 
VDSI,VASCO Data Security International 
VDTH,Videocon d2h
VEAC,Vantage Energy Acquisition
VEACU,Vantage Energy Acquisition
VEACW,Vantage Energy Acquisition
VECO,Veeco Instruments 
VEON,VEON
VERI,Veritone 
VERU,Veru 
VGIT,Vanguard Intermediate
VGLT,Vanguard Long-Term Government Bond ETF
VGSH,Vanguard Short-Term Government ETF
VIA,Viacom 
VIAB,Viacom 
VIAV,Viavi Solutions 
VICL,Vical rporated
VICR,Vicorration
VIDI,Vident International Equity Fund
VIGI,Vanguard International Dividend Appreciation ETF
VIIX,Credit Suisse AG
VIIZ,Credit Suisse AG
VIRC,Virco Manufacturingration
VIRT,Virtu Financial 
VIVE,Viveve Medical 
VIVO,Meridian Bioscience 
VKTX,Viking Therapeutics 
VKTXW,Viking Therapeutics 
VLGEA,Village Super Market 
VLRX,Valeritas Holdings 
VMBS,Vanguard Mortgage-Backed Securities ETF
VNDA,Vanda Pharmaceuticals 
VNET,21Vianet Group 
VNOM,Viper Energy Partners LP
VNQI,Vanguard Global ex-U.S. Real Estate ETF
VOD,Vodafone Group Plc
VONE,Vanguard Russell 1000 ETF
VONG,Vanguard Russell 1000 Growth ETF
VONV,Vanguard Russell 1000 Value ETF
VOXX,VOXX Internationalration
VRA,Vera Bradley 
VRAY,ViewRay 
VREX,Varex Imagingration
VRIG,PowerShares Variable Rate Investment Grade Portfolio
VRML,Vermillion 
VRNA,Verona Pharma plc
VRNS,Varonis Systems 
VRNT,Verint Systems 
VRSK,Verisk Analytics 
VRSN,VeriSign 
VRTS,Virtus Investment Partners 
VRTSP,Virtus Investment Partners 
VRTU,Virtusaration
VRTX,Vertex Pharmaceuticals rporated
VSAR,Versartis 
VSAT,ViaSat 
VSDA,VictoryShares Dividend Accelerator ETF
VSEC,VSEration
VSMV,VictoryShares US Multi-Factor Minimum Volatility ETF
VSTM,Verastem 
VTGN,VistaGen Therapeutics 
VTHR,Vanguard Russell 3000 ETF
VTIP,Vanguard Short-Term Inflation-Protected Securities Index Fund
VTL,Vital Therapies 
VTNR,Vertex Energy Inc
VTVT,vTv Therapeutics 
VTWG,Vanguard Russell 2000 Growth ETF
VTWO,Vanguard Russell 2000 ETF
VTWV,Vanguard Russell 2000 Value ETF
VUSE,Vident Core US Equity ETF
VUZI,Vuzixration
VVPR,VivoPower International PLC
VVUS,VIVUS 
VWOB,Vanguard Emerging Markets Government Bond ETF
VWR,VWRration
VXUS,Vanguard Total International Stock ETF
VYGR,Voyager Therapeutics 
VYMI,Vanguard International High Dividend Yield ETF
WABC,Westamerica Bancorporation
WAFD,Washington Federal 
WAFDW,Washington Federal 
WASH,Washington Trust Bancorp 
WATT,Energousration
WAYN,Wayne Savings Bancshares 
WB,Weiboration
WBA,Walgreens Boots Alliance 
WBB,Westbury Bancorp 
WBKC,Wolverine Bancorp 
WCFB,WCF Bancorp 
WDAY,Workday 
WDC,Western Digitalration
WDFC,WD-40 Company
WEB,Web.com Group 
WEBK,Wellesley Bancorp 
WEN,Wendy's Company (The)
WERN,Werner Enterprises 
WETF,WisdomTree Investments 
WEYS,Weyco Group 
WFBI,WashingtonFirst Bankshares Inc
WHF,WhiteHorse Finance 
WHFBL,WhiteHorse Finance 
WHLM,Wilhelmina International 
WHLR,Wheeler Real Estate Investment Trust 
WHLRD,Wheeler Real Estate Investment Trust 
WHLRP,Wheeler Real Estate Investment Trust 
WHLRW,Wheeler Real Estate Investment Trust 
WIFI,Boingo Wireless 
WILC,G. Willi-Food International 
WIN,Windstream Holdings 
WINA,Winmarkration
WING,Wingstop 
WINS,Wins Finance Holdings 
WIRE,Encore Wireration
WIX,Wix.com
WKHS,Workhorse Group 
WLB,Westmoreland Coal Company
WLDN,Willdan Group 
WLFC,Willis Lease Financeration
WLTW,Willis Towers Watson Public Company
WMGI,Wright Medical Group N.V.
WMGIZ,Wright Medical Group N.V.
WMIH,WMIH
WNEB,Western New England Bancorp 
WOOD,iShares S&P Global Timber & Forestry Index Fund
WPCS,WPCS International rporated
WPPGY,WPP plc
WPRT,Westport Fuel Systems Inc
WRLD,World Acceptanceration
WRLS,Pensare Acquisition
WRLSR,Pensare Acquisition
WRLSU,Pensare Acquisition
WRLSW,Pensare Acquisition
WSBC,WesBanco 
WSBF,Waterstone Financial 
WSCI,WSI Industries 
WSFS,WSFS Financialration
WSTC,Westration
WSTG,Wayside Technology Group 
WSTL,Westell Technologies 
WTBA,West Bancorporation
WTFC,Wintrust Financialration
WTFCM,Wintrust Financialration
WTFCW,Wintrust Financialration
WVE,WAVE Life Sciences
WVFC,WVS Financial
WVVI,Willamette Valley Vineyards 
WVVIP,Willamette Valley Vineyards 
WWD,Woodward 
WWR,Westwater Resources 
WYIG,JM Global Holding Company
WYIGU,JM Global Holding Company
WYIGW,JM Global Holding Company
WYNN,Wynn Resorts
XBIO,Xenetic Biosciences 
XBIT,XBiotech 
XBKS,Xenith Bankshares 
XCRA,Xcerraration
XELA,Exela Technologies 
XELB,Xcel Brands Inc
XENE,Xenon Pharmaceuticals 
XENT,Intersect ENT 
XGTI,XG Technology Inc
XGTIW,XG Technology Inc
XIV,Credit Suisse AG
XLNX,Xilinx 
XLRN,Acceleron Pharma 
XNCR,Xencor 
XNET,Xunlei
XOG,Extraction Oil & Gas 
XOMA,XOMAration
XONE,The ExOne Company
XPER,Xperiration
XPLR,Xplore Technologies Corp
XRAY,DENTSPLY SIRONA 
XT,iShares Exponential Technologies ETF
XTLB,XTL Biopharmaceuticals
YDIV,First Trust International Multi-Asset Diversified me Index Fund
YERR,Yangtze River Development
YGYI,Youngevity International 
YIN,Yintech Investment Holdings
YLCO,Global X Yieldco Index ETF
YLDE,ClearBridge Dividend Strategy ESG ETF
YNDX,Yandex N.V.
YOGA,YogaWorks 
YORW,The York Water Company
YRCW,YRC Worldwide 
YTEN,Yield10 Bioscience 
YTRA,Yatra Online 
YY,YY 
Z,Zillow Group 
ZAGG,ZAGG Inc
ZAIS,ZAIS Group Holdings 
ZAZZT,Tick Pilot Test Stock Class A Common Stock
ZBIO,ProShares UltraPro Short NASDAQ Biotechnology
ZBRA,Zebra Technologiesration
ZBZZT,Test Pilot Test Stock Class B Common Stock
ZCZZT,Tick Pilot Test Stock Class C
ZEAL,Zealand Pharma A/S
ZEUS,Olympic Steel 
ZFGN,Zafgen 
ZG,Zillow Group 
ZGNX,Zogenix 
ZION,Zions Bancorporation
ZIONW,Zions Bancorporation
ZIONZ,Zions Bancorporation
ZIOP,ZIOPHARM Oncology Inc
ZIV,Credit Suisse AG
ZIXI,Zixration
ZJZZT,NASDAQ TEST STOCK
ZKIN,ZK International Group Co. Ltd
ZLAB,Zai Lab
ZN,Zion Oil & Gas Inc
ZNGA,Zynga 
ZNWAA,Zion Oil & Gas Inc
ZSAN,Zosano Pharmaration
ZUMZ,Zumiez 
ZVZZC,NASDAQ TEST STOCK Nextshares Test Security
ZVZZT,NASDAQ TEST STOCK
ZWZZT,NASDAQ TEST STOCK
ZXYZ.A
ZXZZT,NASDAQ TEST STOCK
ZYNE,Zynerba Pharmaceuticals 